-- phpMyAdmin SQL Dump
-- version 4.7.0
-- https://www.phpmyadmin.net/
--
-- Host: 127.0.0.1
-- Generation Time: Jan 19, 2018 at 08:24 PM
-- Server version: 10.1.25-MariaDB
-- PHP Version: 7.1.7

SET SQL_MODE = "NO_AUTO_VALUE_ON_ZERO";
SET AUTOCOMMIT = 0;
START TRANSACTION;
SET time_zone = "+00:00";


/*!40101 SET @OLD_CHARACTER_SET_CLIENT=@@CHARACTER_SET_CLIENT */;
/*!40101 SET @OLD_CHARACTER_SET_RESULTS=@@CHARACTER_SET_RESULTS */;
/*!40101 SET @OLD_COLLATION_CONNECTION=@@COLLATION_CONNECTION */;
/*!40101 SET NAMES utf8mb4 */;

--
-- Database: `ecommerce`
--

-- --------------------------------------------------------

--
-- Table structure for table `brand`
--

CREATE TABLE `brand` (
  `id` int(11) NOT NULL,
  `name` varchar(255) NOT NULL,
  `description` varchar(255) NOT NULL,
  `catId` int(11) NOT NULL
) ENGINE=InnoDB DEFAULT CHARSET=latin1;

--
-- Dumping data for table `brand`
--

INSERT INTO `brand` (`id`, `name`, `description`, `catId`) VALUES
(1, 'Apple', 'Apple Inc.', 1),
(2, 'Huawei', 'Huawei is a Chinese Tech Giant who specializes in Mobile Phone Manufactures', 1),
(3, 'Asus', 'computer', 2),
(4, 'HP', 'Computer', 2),
(5, 'HP', 'Great Brand', 3),
(6, 'OnePlus', 'Best Chinese Mobile Phone manufacturer', 1),
(7, 'Samsung', 'Korean Tech Giant. Electronics Manufacturers', 1);

-- --------------------------------------------------------

--
-- Table structure for table `cart`
--

CREATE TABLE `cart` (
  `id` int(11) NOT NULL,
  `product_id` int(11) NOT NULL,
  `user_id` int(11) NOT NULL,
  `qty` float NOT NULL DEFAULT '1',
  `cost` float NOT NULL
) ENGINE=InnoDB DEFAULT CHARSET=latin1;

-- --------------------------------------------------------

--
-- Table structure for table `cat`
--

CREATE TABLE `cat` (
  `id` int(11) NOT NULL,
  `catTitle` varchar(255) NOT NULL,
  `catSlug` varchar(255) NOT NULL,
  `catDesc` varchar(255) NOT NULL
) ENGINE=InnoDB DEFAULT CHARSET=latin1;

--
-- Dumping data for table `cat`
--

INSERT INTO `cat` (`id`, `catTitle`, `catSlug`, `catDesc`) VALUES
(1, 'Mobile Phone', 'mobile-phone', 'Mobile Phones'),
(2, 'Laptops', 'laptops', 'Awesome stuff'),
(3, 'Electronics', 'electronics', 'Electronic Stuff'),
(4, 'Men\'s Fashion', 'men-fashion', 'Men clothing and Accessories'),
(5, 'Women\'s Fashion', 'women-fasion', 'Women Clothing and Accessories'),
(6, 'Books', 'books-audio-books', 'Books and Audio Books'),
(7, 'Movies and Video Games', 'movies-and-video-games-and-console', 'Movies and Video Games DVDS and Video Game Consoles');

-- --------------------------------------------------------

--
-- Table structure for table `cond`
--

CREATE TABLE `cond` (
  `id` int(11) NOT NULL,
  `name` varchar(255) NOT NULL
) ENGINE=InnoDB DEFAULT CHARSET=latin1;

--
-- Dumping data for table `cond`
--

INSERT INTO `cond` (`id`, `name`) VALUES
(1, 'Brand New'),
(2, 'Like New'),
(3, 'Used'),
(4, 'Badly Used');

-- --------------------------------------------------------

--
-- Table structure for table `coupon`
--

CREATE TABLE `coupon` (
  `id` int(11) NOT NULL,
  `code` varchar(50) NOT NULL,
  `name` varchar(255) NOT NULL,
  `description` varchar(5000) NOT NULL,
  `value` int(11) NOT NULL,
  `active` tinyint(4) NOT NULL DEFAULT '1'
) ENGINE=InnoDB DEFAULT CHARSET=latin1;

--
-- Dumping data for table `coupon`
--

INSERT INTO `coupon` (`id`, `code`, `name`, `description`, `value`, `active`) VALUES
(1, '5OFFDEC', 'December Offer 5% Off', '5% Off on any purchase for the month of December.', 5, 1),
(2, '4OFFWINTER', 'Winter Discount 4%', '4% discount for the Winter on all products', 4, 0);

-- --------------------------------------------------------

--
-- Table structure for table `orders`
--

CREATE TABLE `orders` (
  `id` int(11) NOT NULL,
  `user_id` int(11) NOT NULL,
  `total_price` float NOT NULL
) ENGINE=InnoDB DEFAULT CHARSET=latin1;

-- --------------------------------------------------------

--
-- Table structure for table `order_product`
--

CREATE TABLE `order_product` (
  `order_id` int(11) NOT NULL,
  `product_id` int(11) NOT NULL,
  `quantity` int(11) NOT NULL,
  `total_price` float NOT NULL
) ENGINE=InnoDB DEFAULT CHARSET=latin1;

-- --------------------------------------------------------

--
-- Table structure for table `product`
--

CREATE TABLE `product` (
  `id` int(11) NOT NULL,
  `name` varchar(255) NOT NULL,
  `slug` varchar(255) NOT NULL,
  `description` varchar(2000) NOT NULL,
  `img` text,
  `featImg` text,
  `price` float NOT NULL,
  `shipping` float NOT NULL,
  `discount-price` float DEFAULT NULL,
  `qty` int(11) NOT NULL,
  `posted` datetime NOT NULL,
  `edited` datetime NOT NULL DEFAULT CURRENT_TIMESTAMP ON UPDATE CURRENT_TIMESTAMP,
  `cat` int(11) NOT NULL,
  `brand` int(11) NOT NULL,
  `cond` int(11) NOT NULL,
  `featured` tinyint(4) NOT NULL DEFAULT '0',
  `sold` int(11) NOT NULL DEFAULT '0',
  `deal` int(11) NOT NULL DEFAULT '0',
  `postedBy` int(11) DEFAULT NULL
) ENGINE=InnoDB DEFAULT CHARSET=latin1;

--
-- Dumping data for table `product`
--

INSERT INTO `product` (`id`, `name`, `slug`, `description`, `img`, `featImg`, `price`, `shipping`, `discount-price`, `qty`, `posted`, `edited`, `cat`, `brand`, `cond`, `featured`, `sold`, `deal`, `postedBy`) VALUES
(1, 'Apple iPhone 7 Plus 128GB Jet Black', 'apple-iphone-7-128gb-plus-brand-new-2017-jet-black', 'Apple iPhone 7 128GB <br>Brand New <br>Unopened Box<br> Color: Jet Black', 'assets/images/uploads/apple-iphone-7-plus-128gb-jet-black.jpg', 'assets/images/uploads/apple-iphone-7-plus-128gb-jet-black-banner.png', 11.11, 0, 0, 0, '0000-00-00 00:00:00', '2018-01-20 00:37:57', 1, 1, 1, 0, 4, 0, 2),
(2, 'New Product Two', '', 'Great New Laptop', 'assets/images/uploads/product-01.jpg', 'assets/images/uploads/feat-img.jpg', 12.3, 0, 9.3, 3, '0000-00-00 00:00:00', '2018-01-19 22:34:12', 2, 3, 1, 0, 0, 1, 1),
(3, 'New Product Three', '', 'New Laptop', 'assets/images/uploads/product-01.jpg', 'assets/images/uploads/feat-img.jpg', 12.3, 0, 0, 0, '0000-00-00 00:00:00', '2018-01-18 20:18:42', 1, 3, 1, 0, 2, 0, 1),
(4, 'Another Product', '', 'This is a really good laptop', 'assets/images/uploads/product-01.jpg', 'assets/images/uploads/feat-img.jpg', 234.99, 0, 0, 0, '0000-00-00 00:00:00', '2018-01-18 19:56:45', 2, 4, 1, 0, 0, 0, NULL),
(9, 'Asus Zenbook 3 Deluxe', 'asus-zenbook-3-deluxe', 'Asus Zenbook 3 Deluxe', 'assets/images/uploads/asus-zenbook-3-deluxe.jpg', 'assets/images/uploads/asus-zenbook-3-deluxe-banner.jpg', 1199.99, 59.99, 1099.99, 25, '2018-01-19 00:25:53', '2018-01-19 00:43:30', 2, 3, 1, 1, 2, 0, 1),
(10, 'Asus Cerberus', 'asus-cerberus-mice-all-new-2017', 'ASUSASUS ASUSASUSASUSASUS <br>\r\n<h1>ASUSASUSASUSASUS\r\n</h1>', 'assets/images/uploads/product-01.jpg', 'assets/images/uploads/feat-img.jpg', 100, 0, 90.99, 100, '2018-01-18 08:18:48', '2018-01-19 22:34:07', 3, 3, 2, 0, 0, 1, 2),
(11, 'Google Pixel 2 XL', 'Google-Pixel-2-XL', 'Google Pixel 2 XL White <br>\r\n128GB <br>\r\nGreat Phone <br>                      ', 'assets/images/uploads/5a6245c553dac5.03401027.jpeg', 'assets/images/uploads/5a6245c55408a6.44600900.jpeg', 999.9, 25.9, 899.9, 21, '2018-01-19 16:50:08', '2018-01-19 19:23:49', 1, 7, 2, 1, 0, 1, 2),
(12, 'OnePlus 5T', 'OnePlus-5T', 'OnePlus 5T Midnight Black <br>\r\n128 GB Internal Storage <br>\r\n6 GB RAM <br>\r\nSnapdragon 835 Processor <br>\r\nOpened Box <br>\r\nUsed for 3 days <br>\r\nPerfect Condition. No any hardware/software errors or cosmetic defects.<br>', 'assets/images/uploads/5a623f786a6e94.75775166.jpeg', NULL, 612.34, 25.9, 589.99, 12, '2018-01-19 18:56:56', '2018-01-20 00:27:21', 1, 6, 2, 1, 0, 0, 2),
(13, 'Samsung Galaxy Note 8 64GB', 'Samsung-Galaxy-Note-8-64GB', 'Samsung Galaxy Note 8 64GB', 'assets/images/uploads/5a6241ca2384f1.86822028.jpeg', 'assets/images/uploads/5a6241ca232b00.29885202.jpeg', 990.99, 15.75, 910.05, 2, '2018-01-19 19:06:50', '2018-01-20 00:37:06', 1, 2, 3, 1, 0, 0, 2);

-- --------------------------------------------------------

--
-- Table structure for table `product_history`
--

CREATE TABLE `product_history` (
  `product_id` int(11) NOT NULL,
  `user_id` int(11) NOT NULL,
  `time` datetime NOT NULL
) ENGINE=InnoDB DEFAULT CHARSET=latin1;

--
-- Dumping data for table `product_history`
--

INSERT INTO `product_history` (`product_id`, `user_id`, `time`) VALUES
(1, 2, '2018-01-18 15:15:16'),
(2, 2, '2018-01-18 19:30:18'),
(3, 2, '2018-01-18 17:12:00'),
(4, 2, '2018-01-18 18:34:20'),
(9, 2, '2018-01-18 19:21:37'),
(10, 2, '2018-01-18 15:15:48');

-- --------------------------------------------------------

--
-- Table structure for table `product_history_ip`
--

CREATE TABLE `product_history_ip` (
  `product_id` int(11) NOT NULL,
  `ip` varchar(255) NOT NULL,
  `time` timestamp NOT NULL DEFAULT CURRENT_TIMESTAMP ON UPDATE CURRENT_TIMESTAMP
) ENGINE=InnoDB DEFAULT CHARSET=latin1;

-- --------------------------------------------------------

--
-- Table structure for table `search_history`
--

CREATE TABLE `search_history` (
  `user_id` int(11) NOT NULL,
  `search_term` int(11) NOT NULL,
  `time` datetime NOT NULL
) ENGINE=InnoDB DEFAULT CHARSET=latin1;

-- --------------------------------------------------------

--
-- Table structure for table `settings`
--

CREATE TABLE `settings` (
  `id` int(11) NOT NULL,
  `title` varchar(255) NOT NULL,
  `description` varchar(2000) NOT NULL,
  `keywords` varchar(5000) NOT NULL,
  `logo` blob NOT NULL,
  `favicon` blob NOT NULL,
  `copyright` varchar(300) NOT NULL,
  `baseDir` varchar(1000) NOT NULL
) ENGINE=InnoDB DEFAULT CHARSET=latin1;

--
-- Dumping data for table `settings`
--

INSERT INTO `settings` (`id`, `title`, `description`, `keywords`, `logo`, `favicon`, `copyright`, `baseDir`) VALUES
(1, 'Skarten', 'This is a really popular ecommerce website that many people use to buy products', 'Cameras, ecommerce, online, shopping, gadgets, laptops, electronics, fashion, clothing', 0x89504e470d0a1a0a0000000d4948445200000244000000920806000000a418d541000000097048597300000b1300000b1301009a9c1800000a4f6943435050686f746f73686f70204943432070726f66696c65000078da9d53675453e9163df7def4424b8880944b6f5215082052428b801491262a2109104a8821a1d91551c1114545041bc8a088038e8e808c15512c0c8a0ad807e421a28e83a3888acafbe17ba36bd6bcf7e6cdfeb5d73ee7acf39db3cf07c0080c9648335135800ca9421e11e083c7c4c6e1e42e40810a2470001008b3642173fd230100f87e3c3c2b22c007be000178d30b0800c04d9bc0301c87ff0fea42995c01808401c07491384b08801400407a8e42a600404601809d98265300a0040060cb6362e300502d0060277fe6d300809df8997b01005b94211501a09100201365884400683b00accf568a450058300014664bc43900d82d00304957664800b0b700c0ce100bb200080c00305188852900047b0060c8232378008499001446f2573cf12bae10e72a00007899b23cb9243945815b082d710757572e1e28ce49172b14366102619a402ec27999193281340fe0f3cc0000a0911511e083f3fd78ce0eaecece368eb60e5f2deabf06ff226262e3fee5cfab70400000e1747ed1fe2c2fb31a803b06806dfea225ee04685e0ba075f78b66b20f40b500a0e9da57f370f87e3c3c45a190b9d9d9e5e4e4d84ac4425b61ca577dfe67c25fc057fd6cf97e3cfcf7f5e0bee22481325d814704f8e0c2ccf44ca51ccf92098462dce68f47fcb70bfffc1dd322c44962b9582a14e35112718e449a8cf332a52289429229c525d2ff64e2df2cfb033edf3500b06a3e017b912da85d6303f64b27105874c0e2f70000f2bb6fc1d4280803806883e1cf77ffef3ffd47a02500806649927100005e44242e54cab33fc708000044a0812ab0411bf4c1182cc0061cc105dcc10bfc6036844224c4c24210420a64801c726029ac82422886cdb01d2a602fd4401d34c051688693700e2ec255b80e3d700ffa61089ec128bc81090441c808136121da8801628a58238e08179985f821c14804128b2420c9881451224b91354831528a542055481df23d720239875c46ba913bc8003282fc86bc47319481b2513dd40cb543b9a8371a8446a20bd06474319a8f16a09bd072b41a3d8c36a1e7d0ab680fda8f3e43c730c0e8180733c46c302ec6c342b1382c099363cbb122ac0cabc61ab056ac03bb89f563cfb17704128145c0093604774220611e4148584c584ed848a8201c243411da093709038451c2272293a84bb426ba11f9c4186232318758482c23d6128f132f107b8843c437241289433227b9900249b1a454d212d246d26e5223e92ca99b34481a2393c9da646bb20739942c202bc885e49de4c3e433e41be421f25b0a9d624071a4f853e22852ca6a4a19e510e534e5066598324155a39a52dda8a15411358f5a42ada1b652af5187a81334759a39cd8316494ba5ada295d31a681768f769afe874ba11dd951e4e97d057d2cbe947e897e803f4770c0d861583c7886728199b18071867197718af984ca619d38b19c754303731eb98e7990f996f55582ab62a7c1591ca0a954a9526951b2a2f54a9aaa6aadeaa0b55f355cb548fa95e537dae46553353e3a909d496ab55aa9d50eb531b5367a93ba887aa67a86f543fa47e59fd890659c34cc34f43a451a0b15fe3bcc6200b6319b3782c216b0dab86758135c426b1cdd97c762abb98fd1dbb8b3daaa9a13943334a3357b352f394663f07e39871f89c744e09e728a797f37e8ade14ef29e2291ba6344cb931655c6baa96979658ab48ab51ab47ebbd36aeeda79da6bd45bb59fb810e41c74a275c2747678fce059de753d953dda70aa7164d3d3af5ae2eaa6ba51ba1bb4477bf6ea7ee989ebe5e809e4c6fa7de79bde7fa1c7d2ffd54fd6dfaa7f5470c5806b30c2406db0cce183cc535716f3c1d2fc7dbf151435dc34043a561956197e18491b9d13ca3d5468d460f8c69c65ce324e36dc66dc6a326062621264b4dea4dee9a524db9a629a63b4c3b4cc7cdcccda2cdd699359b3d31d732e79be79bd79bdfb7605a785a2cb6a8b6b86549b2e45aa659eeb6bc6e855a3959a558555a5db346ad9dad25d6bbadbba711a7b94e934eab9ed667c3b0f1b6c9b6a9b719b0e5d806dbaeb66db67d6167621767b7c5aec3ee93bd937dba7d8dfd3d070d87d90eab1d5a1d7e73b472143a563ade9ace9cee3f7dc5f496e92f6758cf10cfd833e3b613cb29c4699d539bd347671767b97383f3888b894b82cb2e973e2e9b1bc6ddc8bde44a74f5715de17ad2f59d9bb39bc2eda8dbafee36ee69ee87dc9fcc349f299e593373d0c3c843e051e5d13f0b9f95306bdfac7e4f434f8167b5e7232f632f9157add7b0b7a577aaf761ef173ef63e729fe33ee33c37de32de595fcc37c0b7c8b7cb4fc36f9e5f85df437f23ff64ff7affd100a78025016703898141815b02fbf87a7c21bf8e3f3adb65f6b2d9ed418ca0b94115418f82ad82e5c1ad2168c8ec90ad21f7e798ce91ce690e85507ee8d6d00761e6618bc37e0c2785878557863f8e7088581ad131973577d1dc4373df44fa449644de9b67314f39af2d4a352a3eaa2e6a3cda37ba34ba3fc62e6659ccd5589d58496c4b1c392e2aae366e6cbedffcedf387e29de20be37b17982fc85d7079a1cec2f485a716a92e122c3a96404c884e3894f041102aa8168c25f21377258e0a79c21dc267222fd136d188d8435c2a1e4ef2482a4d7a92ec91bc357924c533a52ce5b98427a990bc4c0d4cdd9b3a9e169a76206d323d3abd31839291907142aa214d93b667ea67e66676cbac6585b2fec56e8bb72f1e9507c96bb390ac05592d0ab642a6e8545a28d72a07b267655766bfcd89ca3996ab9e2bcdedccb3cadb90379cef9fffed12c212e192b6a5864b572d1d58e6bdac6a39b23c7179db0ae315052b865606ac3cb88ab62a6dd54fabed5797ae7ebd267a4d6b815ec1ca82c1b5016beb0b550ae5857debdcd7ed5d4f582f59dfb561fa869d1b3e15898aae14db1797157fd828dc78e51b876fcabf99dc94b4a9abc4b964cf66d266e9e6de2d9e5b0e96aa97e6970e6e0dd9dab40ddf56b4edf5f645db2f97cd28dbbb83b643b9a3bf3cb8bc65a7c9cecd3b3f54a454f454fa5436eed2ddb561d7f86ed1ee1b7bbcf634ecd5db5bbcf7fd3ec9bedb5501554dd566d565fb49fbb3f73fae89aae9f896fb6d5dad4e6d71edc703d203fd07230eb6d7b9d4d51dd23d54528fd62beb470ec71fbefe9def772d0d360d558d9cc6e223704479e4e9f709dff71e0d3ada768c7bace107d31f761d671d2f6a429af29a469b539afb5b625bba4fcc3ed1d6eade7afc47db1f0f9c343c59794af354c969dae982d39367f2cf8c9d959d7d7e2ef9dc60dba2b67be763cedf6a0f6fefba1074e1d245ff8be73bbc3bce5cf2b874f2b2dbe51357b8579aaf3a5f6dea74ea3cfe93d34fc7bb9cbb9aaeb95c6bb9ee7abdb57b66f7e91b9e37ceddf4bd79f116ffd6d59e393dddbdf37a6ff7c5f7f5df16dd7e7227fdcecbbbd97727eeadbc4fbc5ff440ed41d943dd87d53f5bfedcd8efdc7f6ac077a0f3d1dc47f7068583cffe91f58f0f43058f998fcb860d86eb9e383e3939e23f72fde9fca743cf64cf269e17fea2fecbae17162f7ef8d5ebd7ced198d1a197f29793bf6d7ca5fdeac0eb19afdbc6c2c61ebec97833315ef456fbedc177dc771defa3df0f4fe47c207f28ff68f9b1f553d0a7fb93199393ff040398f3fc63332ddb0000415769545874584d4c3a636f6d2e61646f62652e786d7000000000003c3f787061636b657420626567696e3d22efbbbf222069643d2257354d304d7043656869487a7265537a4e54637a6b633964223f3e0a3c783a786d706d65746120786d6c6e733a783d2261646f62653a6e733a6d6574612f2220783a786d70746b3d2241646f626520584d5020436f726520352e362d633133382037392e3135393832342c20323031362f30392f31342d30313a30393a30312020202020202020223e0a2020203c7264663a52444620786d6c6e733a7264663d22687474703a2f2f7777772e77332e6f72672f313939392f30322f32322d7264662d73796e7461782d6e7323223e0a2020202020203c7264663a4465736372697074696f6e207264663a61626f75743d22220a202020202020202020202020786d6c6e733a786d703d22687474703a2f2f6e732e61646f62652e636f6d2f7861702f312e302f220a202020202020202020202020786d6c6e733a70686f746f73686f703d22687474703a2f2f6e732e61646f62652e636f6d2f70686f746f73686f702f312e302f220a202020202020202020202020786d6c6e733a64633d22687474703a2f2f7075726c2e6f72672f64632f656c656d656e74732f312e312f220a202020202020202020202020786d6c6e733a786d704d4d3d22687474703a2f2f6e732e61646f62652e636f6d2f7861702f312e302f6d6d2f220a202020202020202020202020786d6c6e733a73744576743d22687474703a2f2f6e732e61646f62652e636f6d2f7861702f312e302f73547970652f5265736f757263654576656e7423220a202020202020202020202020786d6c6e733a73745265663d22687474703a2f2f6e732e61646f62652e636f6d2f7861702f312e302f73547970652f5265736f7572636552656623220a202020202020202020202020786d6c6e733a746966663d22687474703a2f2f6e732e61646f62652e636f6d2f746966662f312e302f220a202020202020202020202020786d6c6e733a657869663d22687474703a2f2f6e732e61646f62652e636f6d2f657869662f312e302f223e0a2020202020202020203c786d703a43726561746f72546f6f6c3e41646f62652050686f746f73686f70204343203230313720284d6163696e746f7368293c2f786d703a43726561746f72546f6f6c3e0a2020202020202020203c786d703a437265617465446174653e323031372d31312d31375432313a33373a35362b30353a33303c2f786d703a437265617465446174653e0a2020202020202020203c786d703a4d65746164617461446174653e323031372d31312d31385430383a33303a33382b30353a33303c2f786d703a4d65746164617461446174653e0a2020202020202020203c786d703a4d6f64696679446174653e323031372d31312d31385430383a33303a33382b30353a33303c2f786d703a4d6f64696679446174653e0a2020202020202020203c70686f746f73686f703a436f6c6f724d6f64653e333c2f70686f746f73686f703a436f6c6f724d6f64653e0a2020202020202020203c70686f746f73686f703a49434350726f66696c653e735247422049454336313936362d322e313c2f70686f746f73686f703a49434350726f66696c653e0a2020202020202020203c64633a666f726d61743e696d6167652f706e673c2f64633a666f726d61743e0a2020202020202020203c786d704d4d3a496e7374616e636549443e786d702e6969643a64613432313331642d663763332d343632342d396434312d3836613763373735333362663c2f786d704d4d3a496e7374616e636549443e0a2020202020202020203c786d704d4d3a446f63756d656e7449443e61646f62653a646f6369643a70686f746f73686f703a30633638626263662d306339622d313137622d393561392d6664323935666639643165653c2f786d704d4d3a446f63756d656e7449443e0a2020202020202020203c786d704d4d3a4f726967696e616c446f63756d656e7449443e786d702e6469643a32643132626266362d346439342d346464382d616264392d6534306261316438636439343c2f786d704d4d3a4f726967696e616c446f63756d656e7449443e0a2020202020202020203c786d704d4d3a486973746f72793e0a2020202020202020202020203c7264663a5365713e0a2020202020202020202020202020203c7264663a6c69207264663a7061727365547970653d225265736f75726365223e0a2020202020202020202020202020202020203c73744576743a616374696f6e3e637265617465643c2f73744576743a616374696f6e3e0a2020202020202020202020202020202020203c73744576743a696e7374616e636549443e786d702e6969643a32643132626266362d346439342d346464382d616264392d6534306261316438636439343c2f73744576743a696e7374616e636549443e0a2020202020202020202020202020202020203c73744576743a7768656e3e323031372d31312d31375432313a33373a35362b30353a33303c2f73744576743a7768656e3e0a2020202020202020202020202020202020203c73744576743a736f6674776172654167656e743e41646f62652050686f746f73686f70204343203230313720284d6163696e746f7368293c2f73744576743a736f6674776172654167656e743e0a2020202020202020202020202020203c2f7264663a6c693e0a2020202020202020202020202020203c7264663a6c69207264663a7061727365547970653d225265736f75726365223e0a2020202020202020202020202020202020203c73744576743a616374696f6e3e73617665643c2f73744576743a616374696f6e3e0a2020202020202020202020202020202020203c73744576743a696e7374616e636549443e786d702e6969643a31616638343636332d343733642d346533642d626165332d3338336632633939633739303c2f73744576743a696e7374616e636549443e0a2020202020202020202020202020202020203c73744576743a7768656e3e323031372d31312d31385430383a33303a32332b30353a33303c2f73744576743a7768656e3e0a2020202020202020202020202020202020203c73744576743a736f6674776172654167656e743e41646f62652050686f746f73686f70204343203230313720284d6163696e746f7368293c2f73744576743a736f6674776172654167656e743e0a2020202020202020202020202020202020203c73744576743a6368616e6765643e2f3c2f73744576743a6368616e6765643e0a2020202020202020202020202020203c2f7264663a6c693e0a2020202020202020202020202020203c7264663a6c69207264663a7061727365547970653d225265736f75726365223e0a2020202020202020202020202020202020203c73744576743a616374696f6e3e73617665643c2f73744576743a616374696f6e3e0a2020202020202020202020202020202020203c73744576743a696e7374616e636549443e786d702e6969643a66343733623831642d396632392d346533332d396562612d3630376231353462303166663c2f73744576743a696e7374616e636549443e0a2020202020202020202020202020202020203c73744576743a7768656e3e323031372d31312d31385430383a33303a33382b30353a33303c2f73744576743a7768656e3e0a2020202020202020202020202020202020203c73744576743a736f6674776172654167656e743e41646f62652050686f746f73686f70204343203230313720284d6163696e746f7368293c2f73744576743a736f6674776172654167656e743e0a2020202020202020202020202020202020203c73744576743a6368616e6765643e2f3c2f73744576743a6368616e6765643e0a2020202020202020202020202020203c2f7264663a6c693e0a2020202020202020202020202020203c7264663a6c69207264663a7061727365547970653d225265736f75726365223e0a2020202020202020202020202020202020203c73744576743a616374696f6e3e636f6e7665727465643c2f73744576743a616374696f6e3e0a2020202020202020202020202020202020203c73744576743a706172616d65746572733e66726f6d206170706c69636174696f6e2f766e642e61646f62652e70686f746f73686f7020746f20696d6167652f706e673c2f73744576743a706172616d65746572733e0a2020202020202020202020202020203c2f7264663a6c693e0a2020202020202020202020202020203c7264663a6c69207264663a7061727365547970653d225265736f75726365223e0a2020202020202020202020202020202020203c73744576743a616374696f6e3e646572697665643c2f73744576743a616374696f6e3e0a2020202020202020202020202020202020203c73744576743a706172616d65746572733e636f6e7665727465642066726f6d206170706c69636174696f6e2f766e642e61646f62652e70686f746f73686f7020746f20696d6167652f706e673c2f73744576743a706172616d65746572733e0a2020202020202020202020202020203c2f7264663a6c693e0a2020202020202020202020202020203c7264663a6c69207264663a7061727365547970653d225265736f75726365223e0a2020202020202020202020202020202020203c73744576743a616374696f6e3e73617665643c2f73744576743a616374696f6e3e0a2020202020202020202020202020202020203c73744576743a696e7374616e636549443e786d702e6969643a64613432313331642d663763332d343632342d396434312d3836613763373735333362663c2f73744576743a696e7374616e636549443e0a2020202020202020202020202020202020203c73744576743a7768656e3e323031372d31312d31385430383a33303a33382b30353a33303c2f73744576743a7768656e3e0a2020202020202020202020202020202020203c73744576743a736f6674776172654167656e743e41646f62652050686f746f73686f70204343203230313720284d6163696e746f7368293c2f73744576743a736f6674776172654167656e743e0a2020202020202020202020202020202020203c73744576743a6368616e6765643e2f3c2f73744576743a6368616e6765643e0a2020202020202020202020202020203c2f7264663a6c693e0a2020202020202020202020203c2f7264663a5365713e0a2020202020202020203c2f786d704d4d3a486973746f72793e0a2020202020202020203c786d704d4d3a4465726976656446726f6d207264663a7061727365547970653d225265736f75726365223e0a2020202020202020202020203c73745265663a696e7374616e636549443e786d702e6969643a66343733623831642d396632392d346533332d396562612d3630376231353462303166663c2f73745265663a696e7374616e636549443e0a2020202020202020202020203c73745265663a646f63756d656e7449443e786d702e6469643a32643132626266362d346439342d346464382d616264392d6534306261316438636439343c2f73745265663a646f63756d656e7449443e0a2020202020202020202020203c73745265663a6f726967696e616c446f63756d656e7449443e786d702e6469643a32643132626266362d346439342d346464382d616264392d6534306261316438636439343c2f73745265663a6f726967696e616c446f63756d656e7449443e0a2020202020202020203c2f786d704d4d3a4465726976656446726f6d3e0a2020202020202020203c746966663a4f7269656e746174696f6e3e313c2f746966663a4f7269656e746174696f6e3e0a2020202020202020203c746966663a585265736f6c7574696f6e3e3732303030302f31303030303c2f746966663a585265736f6c7574696f6e3e0a2020202020202020203c746966663a595265736f6c7574696f6e3e3732303030302f31303030303c2f746966663a595265736f6c7574696f6e3e0a2020202020202020203c746966663a5265736f6c7574696f6e556e69743e323c2f746966663a5265736f6c7574696f6e556e69743e0a2020202020202020203c657869663a436f6c6f7253706163653e313c2f657869663a436f6c6f7253706163653e0a2020202020202020203c657869663a506978656c5844696d656e73696f6e3e3538303c2f657869663a506978656c5844696d656e73696f6e3e0a2020202020202020203c657869663a506978656c5944696d656e73696f6e3e3134363c2f657869663a506978656c5944696d656e73696f6e3e0a2020202020203c2f7264663a4465736372697074696f6e3e0a2020203c2f7264663a5244463e0a3c2f783a786d706d6574613e0a202020202020202020202020202020202020202020202020202020202020202020202020202020202020202020202020202020202020202020202020202020202020202020202020202020202020202020202020202020202020202020202020202020200a202020202020202020202020202020202020202020202020202020202020202020202020202020202020202020202020202020202020202020202020202020202020202020202020202020202020202020202020202020202020202020202020202020200a202020202020202020202020202020202020202020202020202020202020202020202020202020202020202020202020202020202020202020202020202020202020202020202020202020202020202020202020202020202020202020202020202020200a202020202020202020202020202020202020202020202020202020202020202020202020202020202020202020202020202020202020202020202020202020202020202020202020202020202020202020202020202020202020202020202020202020200a202020202020202020202020202020202020202020202020202020202020202020202020202020202020202020202020202020202020202020202020202020202020202020202020202020202020202020202020202020202020202020202020202020200a202020202020202020202020202020202020202020202020202020202020202020202020202020202020202020202020202020202020202020202020202020202020202020202020202020202020202020202020202020202020202020202020202020200a202020202020202020202020202020202020202020202020202020202020202020202020202020202020202020202020202020202020202020202020202020202020202020202020202020202020202020202020202020202020202020202020202020200a202020202020202020202020202020202020202020202020202020202020202020202020202020202020202020202020202020202020202020202020202020202020202020202020202020202020202020202020202020202020202020202020202020200a202020202020202020202020202020202020202020202020202020202020202020202020202020202020202020202020202020202020202020202020202020202020202020202020202020202020202020202020202020202020202020202020202020200a202020202020202020202020202020202020202020202020202020202020202020202020202020202020202020202020202020202020202020202020202020202020202020202020202020202020202020202020202020202020202020202020202020200a202020202020202020202020202020202020202020202020202020202020202020202020202020202020202020202020202020202020202020202020202020202020202020202020202020202020202020202020202020202020202020202020202020200a202020202020202020202020202020202020202020202020202020202020202020202020202020202020202020202020202020202020202020202020202020202020202020202020202020202020202020202020202020202020202020202020202020200a202020202020202020202020202020202020202020202020202020202020202020202020202020202020202020202020202020202020202020202020202020202020202020202020202020202020202020202020202020202020202020202020202020200a202020202020202020202020202020202020202020202020202020202020202020202020202020202020202020202020202020202020202020202020202020202020202020202020202020202020202020202020202020202020202020202020202020200a202020202020202020202020202020202020202020202020202020202020202020202020202020202020202020202020202020202020202020202020202020202020202020202020202020202020202020202020202020202020202020202020202020200a202020202020202020202020202020202020202020202020202020202020202020202020202020202020202020202020202020202020202020202020202020202020202020202020202020202020202020202020202020202020202020202020202020200a202020202020202020202020202020202020202020202020202020202020202020202020202020202020202020202020202020202020202020202020202020202020202020202020202020202020202020202020202020202020202020202020202020200a202020202020202020202020202020202020202020202020202020202020202020202020202020202020202020202020202020202020202020202020202020202020202020202020202020202020202020202020202020202020202020202020202020200a202020202020202020202020202020202020202020202020202020202020202020202020202020202020202020202020202020202020202020202020202020202020202020202020202020202020202020202020202020202020202020202020202020200a202020202020202020202020202020202020202020202020202020202020202020202020202020202020202020202020202020202020202020202020202020202020202020202020202020202020202020202020202020202020202020202020202020200a202020202020202020202020202020202020202020202020202020202020202020202020202020202020202020202020202020202020202020202020202020202020202020202020202020202020202020202020202020202020202020202020202020200a202020202020202020202020202020202020202020202020202020202020202020202020202020202020202020202020202020202020202020202020202020202020202020202020202020202020202020202020202020202020202020202020202020200a202020202020202020202020202020202020202020202020202020202020202020202020202020202020202020202020202020202020202020202020202020202020202020202020202020202020202020202020202020202020202020202020202020200a202020202020202020202020202020202020202020202020202020202020202020202020202020202020202020202020202020202020202020202020202020202020202020202020202020202020202020202020202020202020202020202020202020200a202020202020202020202020202020202020202020202020202020202020202020202020202020202020202020202020202020202020202020202020202020202020202020202020202020202020202020202020202020202020202020202020202020200a202020202020202020202020202020202020202020202020202020202020202020202020202020202020202020202020202020202020202020202020202020202020202020202020202020202020202020202020202020202020202020202020202020200a202020202020202020202020202020202020202020202020202020202020202020202020202020202020202020202020202020202020202020202020202020202020202020202020202020202020202020202020202020202020202020202020202020200a202020202020202020202020202020202020202020202020202020202020202020202020202020202020202020202020202020202020202020202020202020202020202020202020202020202020202020202020202020202020202020202020202020200a202020202020202020202020202020202020202020202020202020202020202020202020202020202020202020202020202020202020202020202020202020202020202020202020202020202020202020202020202020202020202020202020202020200a202020202020202020202020202020202020202020202020202020202020202020202020202020202020202020202020202020202020202020202020202020202020202020202020202020202020202020202020202020202020202020202020202020200a202020202020202020202020202020202020202020202020202020202020202020202020202020202020202020202020202020202020202020202020202020202020202020202020202020202020202020202020202020202020202020202020202020200a202020202020202020202020202020202020202020202020202020202020202020202020202020202020202020202020202020202020202020202020202020202020202020202020202020202020202020202020202020202020202020202020202020200a202020202020202020202020202020202020202020202020202020202020202020202020202020202020202020202020202020202020202020202020202020202020202020202020202020202020202020202020202020202020202020202020202020200a202020202020202020202020202020202020202020202020202020202020202020202020202020202020202020202020202020202020202020202020202020202020202020202020202020202020202020202020202020202020202020202020202020200a202020202020202020202020202020202020202020202020202020202020202020202020202020202020202020202020202020202020202020202020202020202020202020202020202020202020202020202020202020202020202020202020202020200a202020202020202020202020202020202020202020202020202020202020202020202020202020202020202020202020202020202020202020202020202020202020202020202020202020202020202020202020202020202020202020202020202020200a202020202020202020202020202020202020202020202020202020202020202020202020202020202020202020202020202020202020202020202020202020202020202020202020202020202020202020202020202020202020202020202020202020200a202020202020202020202020202020202020202020202020202020202020202020202020202020202020202020202020202020202020202020202020202020202020202020202020202020202020202020202020202020202020202020202020202020200a202020202020202020202020202020202020202020202020202020202020202020202020202020202020202020202020202020202020202020202020202020202020202020202020202020202020202020202020202020202020202020202020202020200a202020202020202020202020202020202020202020202020202020202020202020202020202020202020202020202020202020202020202020202020202020202020202020202020202020202020202020202020202020202020202020202020202020200a202020202020202020202020202020202020202020202020202020202020202020202020202020202020202020202020202020202020202020202020202020202020202020202020202020202020202020202020202020202020202020202020202020200a202020202020202020202020202020202020202020202020202020202020202020202020202020202020202020202020202020202020202020202020202020202020202020202020202020202020202020202020202020202020202020202020202020200a202020202020202020202020202020202020202020202020202020202020202020202020202020202020202020202020202020202020202020202020202020202020202020202020202020202020202020202020202020202020202020202020202020200a202020202020202020202020202020202020202020202020202020202020202020202020202020202020202020202020202020202020202020202020202020202020202020202020202020202020202020202020202020202020202020202020202020200a202020202020202020202020202020202020202020202020202020202020202020202020202020202020202020202020202020202020202020202020202020202020202020202020202020202020202020202020202020202020202020202020202020200a202020202020202020202020202020202020202020202020202020202020202020202020202020202020202020202020202020202020202020202020202020202020202020202020202020202020202020202020202020202020202020202020202020200a202020202020202020202020202020202020202020202020202020202020202020202020202020202020202020202020202020202020202020202020202020202020202020202020202020202020202020202020202020202020202020202020202020200a202020202020202020202020202020202020202020202020202020202020202020202020202020202020202020202020202020202020202020202020202020202020202020202020202020202020202020202020202020202020202020202020202020200a202020202020202020202020202020202020202020202020202020202020202020202020202020202020202020202020202020202020202020202020202020202020202020202020202020202020202020202020202020202020202020202020202020200a202020202020202020202020202020202020202020202020202020202020202020202020202020202020202020202020202020202020202020202020202020202020202020202020202020202020202020202020202020202020202020202020202020200a202020202020202020202020202020202020202020202020202020202020202020202020202020202020202020202020202020202020202020202020202020202020202020202020202020202020202020202020202020202020202020202020202020200a202020202020202020202020202020202020202020202020202020202020202020202020202020202020202020202020202020202020202020202020202020202020202020202020202020202020202020202020202020202020202020202020202020200a202020202020202020202020202020202020202020202020202020202020202020202020202020202020202020202020202020202020202020202020202020202020202020202020202020202020202020202020202020202020202020202020202020200a202020202020202020202020202020202020202020202020202020202020202020202020202020202020202020202020202020202020202020202020202020202020202020202020202020202020202020202020202020202020202020202020202020200a202020202020202020202020202020202020202020202020202020202020202020202020202020202020202020202020202020202020202020202020202020202020202020202020202020202020202020202020202020202020202020202020202020200a202020202020202020202020202020202020202020202020202020202020202020202020202020202020202020202020202020202020202020202020202020202020202020202020202020202020202020202020202020202020202020202020202020200a202020202020202020202020202020202020202020202020202020202020202020202020202020202020202020202020202020202020202020202020202020202020202020202020202020202020202020202020202020202020202020202020202020200a202020202020202020202020202020202020202020202020202020202020202020202020202020202020202020202020202020202020202020202020202020202020202020202020202020202020202020202020202020202020202020202020202020200a202020202020202020202020202020202020202020202020202020202020202020202020202020202020202020202020202020202020202020202020202020202020202020202020202020202020202020202020202020202020202020202020202020200a202020202020202020202020202020202020202020202020202020202020202020202020202020202020202020202020202020202020202020202020202020202020202020202020202020202020202020202020202020202020202020202020202020200a202020202020202020202020202020202020202020202020202020202020202020202020202020202020202020202020202020202020202020202020202020202020202020202020202020202020202020202020202020202020202020202020202020200a202020202020202020202020202020202020202020202020202020202020202020202020202020202020202020202020202020202020202020202020202020202020202020202020202020202020202020202020202020202020202020202020202020200a202020202020202020202020202020202020202020202020202020202020202020202020202020202020202020202020202020202020202020202020202020202020202020202020202020202020202020202020202020202020202020202020202020200a202020202020202020202020202020202020202020202020202020202020202020202020202020202020202020202020202020202020202020202020202020202020202020202020202020202020202020202020202020202020202020202020202020200a202020202020202020202020202020202020202020202020202020202020202020202020202020202020202020202020202020202020202020202020202020202020202020202020202020202020202020202020202020202020202020202020202020200a202020202020202020202020202020202020202020202020202020202020202020202020202020202020202020202020202020202020202020202020202020202020202020202020202020202020202020202020202020202020202020202020202020200a202020202020202020202020202020202020202020202020202020202020202020202020202020202020202020202020202020202020202020202020202020202020202020202020202020202020202020202020202020202020202020202020202020200a202020202020202020202020202020202020202020202020202020202020202020202020202020202020202020202020202020202020202020202020202020202020202020202020202020202020202020202020202020202020202020202020202020200a202020202020202020202020202020202020202020202020202020202020202020202020202020202020202020202020202020202020202020202020202020202020202020202020202020202020202020202020202020202020202020202020202020200a202020202020202020202020202020202020202020202020202020202020202020202020202020202020202020202020202020202020202020202020202020202020202020202020202020202020202020202020202020202020202020202020202020200a202020202020202020202020202020202020202020202020202020202020202020202020202020202020202020202020202020202020202020202020202020202020202020202020202020202020202020202020202020202020202020202020202020200a202020202020202020202020202020202020202020202020202020202020202020202020202020202020202020202020202020202020202020202020202020202020202020202020202020202020202020202020202020202020202020202020202020200a202020202020202020202020202020202020202020202020202020202020202020202020202020202020202020202020202020202020202020202020202020202020202020202020202020202020202020202020202020202020202020202020202020200a202020202020202020202020202020202020202020202020202020202020202020202020202020202020202020202020202020202020202020202020202020202020202020202020202020202020202020202020202020202020202020202020202020200a202020202020202020202020202020202020202020202020202020202020202020202020202020202020202020202020202020202020202020202020202020202020202020202020202020202020202020202020202020202020202020202020202020200a202020202020202020202020202020202020202020202020202020202020202020202020202020202020202020202020202020202020202020202020202020202020202020202020202020202020202020202020202020202020202020202020202020200a202020202020202020202020202020202020202020202020202020202020202020202020202020202020202020202020202020202020202020202020202020202020202020202020202020202020202020202020202020202020202020202020202020200a202020202020202020202020202020202020202020202020202020202020202020202020202020202020202020202020202020202020202020202020202020202020202020202020202020202020202020202020202020202020202020202020202020200a202020202020202020202020202020202020202020202020202020202020202020202020202020202020202020202020202020202020202020202020202020202020202020202020202020202020202020202020202020202020202020202020202020200a202020202020202020202020202020202020202020202020202020202020202020202020202020202020202020202020202020202020202020202020202020202020202020202020202020202020202020202020202020202020202020202020202020200a202020202020202020202020202020202020202020202020202020202020202020202020202020202020202020202020202020202020202020202020202020202020202020202020202020202020202020202020202020202020202020202020202020200a202020202020202020202020202020202020202020202020202020202020202020202020202020202020202020202020202020202020202020202020202020202020202020202020202020202020202020202020202020202020202020202020202020200a202020202020202020202020202020202020202020202020202020202020202020202020202020202020202020202020202020202020202020202020202020202020202020202020202020202020202020202020202020202020202020202020202020200a202020202020202020202020202020202020202020202020202020202020202020202020202020202020202020202020202020202020202020202020202020202020202020202020202020202020202020202020202020202020202020202020202020200a202020202020202020202020202020202020202020202020202020202020202020202020202020202020202020202020202020202020202020202020202020202020202020202020202020202020202020202020202020202020202020202020202020200a202020202020202020202020202020202020202020202020202020202020202020202020202020202020202020202020202020202020202020202020202020202020202020202020202020202020202020202020202020202020202020202020202020200a202020202020202020202020202020202020202020202020202020202020202020202020202020202020202020202020202020202020202020202020202020202020202020202020202020202020202020202020202020202020202020202020202020200a202020202020202020202020202020202020202020202020202020202020202020202020202020202020202020202020202020202020202020202020202020202020202020202020202020202020202020202020202020202020202020202020202020200a202020202020202020202020202020202020202020202020202020202020202020202020202020202020202020202020202020202020202020202020202020202020202020202020202020202020202020202020202020202020202020202020202020200a202020202020202020202020202020202020202020202020202020202020202020202020202020202020202020202020202020202020202020202020202020202020202020202020202020202020202020202020202020202020202020202020202020200a202020202020202020202020202020202020202020202020202020202020202020202020202020202020202020202020202020202020202020202020202020202020202020202020202020202020202020202020202020202020202020202020202020200a202020202020202020202020202020202020202020202020202020202020202020202020202020202020202020202020202020202020202020202020202020202020202020202020202020202020202020202020202020202020202020202020202020200a202020202020202020202020202020202020202020202020202020202020202020202020202020202020202020202020202020202020202020202020202020202020202020202020202020202020202020202020202020202020202020202020202020200a202020202020202020202020202020202020202020202020202020202020202020202020202020202020202020202020202020202020202020202020202020202020202020202020202020202020202020202020202020202020202020202020202020200a202020202020202020202020202020202020202020202020202020202020202020202020202020202020202020202020202020202020202020202020202020202020202020202020202020202020202020202020202020202020202020202020202020200a202020202020202020202020202020202020202020202020202020202020202020202020202020202020202020202020202020202020202020202020202020202020202020202020202020202020202020202020202020202020202020202020202020200a202020202020202020202020202020202020202020202020202020202020202020202020202020202020202020202020202020202020202020202020202020202020202020202020202020202020202020202020202020202020202020202020202020200a202020202020202020202020202020202020202020202020202020202020202020202020202020202020202020202020202020202020202020202020202020202020202020202020202020202020202020202020202020202020202020202020202020200a202020202020202020202020202020202020202020202020202020202020202020202020202020202020202020202020202020202020202020202020202020202020202020202020202020202020202020202020202020202020202020202020202020200a202020202020202020202020202020202020202020202020202020202020202020202020202020202020202020202020202020202020202020202020202020202020202020202020202020202020202020202020202020202020202020202020202020200a202020202020202020202020202020202020202020202020202020202020202020202020202020202020202020202020202020202020202020202020202020202020202020202020202020202020202020202020202020202020202020202020202020200a202020202020202020202020202020202020202020202020202020202020202020202020202020202020202020202020202020202020202020202020202020202020202020202020202020202020202020202020202020202020202020202020202020200a202020202020202020202020202020202020202020202020202020202020202020202020202020202020202020202020202020202020202020202020202020202020202020202020202020202020202020202020202020202020202020202020202020200a202020202020202020202020202020202020202020202020202020202020202020202020202020202020202020202020202020202020202020202020202020202020202020202020202020202020202020202020202020202020202020202020202020200a202020202020202020202020202020202020202020202020202020202020202020202020202020202020202020202020202020202020202020202020202020202020202020202020202020202020202020202020202020202020202020202020202020200a202020202020202020202020202020202020202020202020202020202020202020202020202020202020202020202020202020202020202020202020202020202020202020202020202020202020202020202020202020202020202020202020202020200a202020202020202020202020202020202020202020202020202020202020202020202020202020202020202020202020202020202020202020202020202020202020202020202020202020202020202020202020202020202020202020202020202020200a202020202020202020202020202020202020202020202020202020202020202020202020202020202020202020202020202020202020202020202020202020202020202020202020202020202020202020202020202020202020202020202020202020200a202020202020202020202020202020202020202020202020202020202020202020202020202020202020202020202020202020202020202020202020202020202020202020202020202020202020202020202020202020202020202020202020202020200a202020202020202020202020202020202020202020202020202020202020202020202020202020202020202020202020202020202020202020202020202020202020202020202020202020202020202020202020202020202020202020202020202020200a202020202020202020202020202020202020202020202020202020202020202020202020202020202020202020202020202020202020202020202020202020202020202020202020202020202020202020202020202020202020202020202020202020200a202020202020202020202020202020202020202020202020202020202020202020202020202020202020202020202020202020202020202020202020202020202020202020202020202020202020202020202020202020202020202020202020202020200a202020202020202020202020202020202020202020202020202020202020202020202020202020202020202020202020202020202020202020202020202020202020202020202020202020202020202020202020202020202020202020202020202020200a202020202020202020202020202020202020202020202020202020202020202020202020202020202020202020202020202020202020202020202020202020202020202020202020202020202020202020202020202020202020202020202020202020200a202020202020202020202020202020202020202020202020202020202020202020202020202020202020202020202020202020202020202020202020202020202020202020202020202020202020202020202020202020202020202020202020202020200a202020202020202020202020202020202020202020202020202020202020202020202020202020202020202020202020202020202020202020202020202020202020202020202020202020202020202020202020202020202020202020202020202020200a202020202020202020202020202020202020202020202020202020202020202020202020202020202020202020202020202020202020202020202020202020202020202020202020202020202020202020202020202020202020202020202020202020200a202020202020202020202020202020202020202020202020202020202020202020202020202020202020202020202020202020202020202020202020202020202020202020202020202020202020202020202020202020202020202020202020202020200a202020202020202020202020202020202020202020202020202020202020202020202020202020202020202020202020202020202020202020202020202020202020202020202020202020202020202020202020202020202020202020202020202020200a202020202020202020202020202020202020202020202020202020200a3c3f787061636b657420656e643d2277223f3e5a406f63000000206348524d00007a25000080830000f9ff000080e9000075300000ea6000003a980000176f925fc54600002f2b4944415478daec9d799c1c55b9f7bf3313269909816c90900403240184b023610910306042005141c505907bf52abe288b22bea220aee82bdc2bbc2822280802b22f41f62dac8920595843242c0909d92699ec3399be7f3ca7cd64d25d5dcb73aaaa7b9eefe7331fc24cf5a9a5ab4efdceb3d6150a050cc3300cc330ba33f576090cc3300cc330416418866118866182c8300cc3300cc304916118866118860922c3300cc3300c134486611886611826880cc3300cc3304c101986611886619820320cc3300cc33041641886611886d14de91165e33a265b9f0fc3300ca31a3805b81d586d97a236293049753cb31019866118b5c8d780cf00bdec521861e86197c0300cc3a841c602edc0f3c06cbb1c4625cc4264188661d42a2381d1b6f8374c1019866118dd99266057a09f5d0ac30491611886d15de9895889b6b64b619820320cc330ba2b4dc04e401fbb14860922c3300ca3bbd2006c0ff4b54b61544233d0acce2ea76118869132df4652ec772bf3f701c060bb4c4625cc426418866154336f012d017f6f028621f144866182c8300cc3a849de019606fcbdc109a26ded521926880cc3308c5ae5036061c0dfeb9038a22176a90c134486611846add202cc03d604bce73e026c6797ca304164188661d42a1dc07cca5b898a16220bac364c1019866118354b0178dffd9463006221b2779e6182c8300cc3a859de43dc6685327f6f0086025bdaa5324c1019866118b5ca7c24b8ba10b0cdb6581c916182c8300cc3a861962216a2f6806d0620c1d50d76b98c52f4e866e73b10d807d8131801ec080c02b6414abb9732a7ae0696018b11b3ec5c601630037811586fb7512ceadc351ced793f7bb8efcb306a8967808353d84f7f37ffc5e1cbc0f50ac7301bd88560eb4f8713442bdd3197621b6038b0c16e1fa33b0aa206603c3009f804b0738c319addcf5060af2e7f5b033c09dce67e96db2d159af12988a17f9a18326a90ad803129edab90e0b347291dc355218f6311b02040106d0b1ce116b62b910ad646752ea63b8015c03413449519089c059c8e5f9f711330c1fdfc0f7035f073f7601ac19c93c23eaeb7cb6cd42047501d6e9ff10a63ac03fe1472db16e06d6024d05846481e0f1ce25ea81632529df400d63a3174b209a2f2f404ce07be0bf44e79dfbd9d08fb0ad26cf0ba98e3ece01e6adf5c96922829c5ae4e44faa41df8abe2783310f75b1aac720f7c2b525be53de035c4daf50ce21af0c9508253980d3fac40dc3a95dcf047a5784c71dd4b7b282d466f21b82d476796027380c3ca08a23a242cc232cdaa9f553e046d2d09a2d1c0edc4738b69b235f067e000e0ff10dde47c684a93dc6f33bc4667a7b08fa7800f95c66aa27c276d5fe2ba371204ba039bbb476603f70037002f7bd8ff276dbecd840708179378748ac7d41af373e395f67f55846d97bac5a4c575d63e0b8157b507ad1593e178e0f91c88a1ce9c01fc26c6e7d210447721c1e1593000382585fddca938d65ee4cb45310a381789917ace83803141940d7787d866b8fbfef38e86156b3af06c84ed57b8796d9ddd4a35cf52e07513449b73b85b2df7cee1b19d0d7c2ae2670e4be1b82ecbf09a7c1de89593974b58f6cbf1fd7fa013b88f23999349d91a895131d2a51db83f25a1e19b46609cc238bf8fb87d31d36c85dd4e354f0bf08e09a24dd90eb8957c670b5c066c1172db6d90f4529f4c45e250b29a28bf99c27e5e44e26eba83202a32ceada84f4c38cec408f7aba1c7936e92afc4d155702e8728ccc92b811b635a0e16daed54f32cc6432c65b50ba2df3a11916786039f0eb9edd8148ee7d20cafc5e749a752ecc3cae3ed5f25cf436fb740f8468231cc5d960df7849caf3f9ef271f58cf1190d2bd6cdc48b5f5aed2c076bec96aa593a90aae48bb507aee6a0ea831456c3697112922d91b5207a17093ccf823a24fb2f0d1e551c2bed806a0dae448ae9dd1cf1738dc03136df66421817ef3e94afb1e38b26a2c7e46808a26b637e6e1d9269b68cf256aa0ec48ab4a2d3dc64644fc17d3703dc4fb9b8cd16a455cb5a13441b39b38a8e35acd0f11d507d39c1a5edbb721ae16b80e48575c0d38ae3e52da03a2cd720aec3d9113e330ea9d562a4cb74c2c5437ca20ace6500c95dcc6f20c9027158eb04510b30a4cc36eb81fb103765bd1344268ab2a71d68034e40626fcbcdbbc5be75ea54ab206a063ea33ce62ae00f4860e36beeff072155aecf73ff8ecb20a01fc125f0b704f6f578cdd6465c758d217a50631e785e79e5b05f153f23d74614d927d89c9c09611300c667706c7d0817db54e4480571f1e784f3dcdb040756178057d898896a82281f743851349ad275a48adfdd3cf753d03e806a154487065cb0384c732f83f95d7edfe2562bd722aea62313eca36f054174a0674bc4cd842f703618b88378f1037910449a1c4cf53216a9cc1b263ea5ce6d6ba44f98efa71909564e9ba87352522b5607f097849f7fafc25cd780b4f1e815614e34d2a109e9341114df3c1f4fc569ab35a8fa40c5b1162156a0f901dbb438c194a47a6f2571e13b58f2ca089685bb296f6ece3b534d106dc2b921b7db1fa9506da4cb3ce0a510db8d535e0412613e8842d22cb887155e769532cd1a9c156217bbfd72c70860a70a827781fb3141e418a938d66584eb3dd69a70e5b2a4c2df7dd67e7991704df0ead858655b8bb43b4bbfa038d67648a5e86ae630c2d527b2ecb26cb88770a6fff1191d5f94fa6ebb03db27dcdfb50ac7dce616afab03de7b1f21591884a1cf16ee7be95be1bbfd80f815d46b52100d531c2b4abfabb8ad2056119c22b8157e53bbff7fc8ed7e8e64c46931077824c5fb6221baa6d4b1d40661bed3136c3ece84b0f1435915648c228892bacb5ad029a85a2cd0b82060e137cc0451eee801ec88b8cccab11c4f01d5d52c889a95c65944b46a97714dac532aac020fc35ffcd032c2a5fcff17d218578bb790b20887a6785f68f7b639a89b08a2116e756fa44b2bf04488edb6435c3c59d037454174133a6d378a7144418ba3fe888bd83adee7872d108bfc80327f2f3831e42deeabbe8a2f9c06f3238ab0cfc5dc4fa5a0499feeb2eb286f3aee6c1db852719fb390d89b4f298ad730bca23cde21d406fb064c3260eeb2ac7820a400c8b25d47580b5113d24629a920d2a003a9b936bfc2bb6f3b24bbd7c8078d88cbac5ce98ff548afba165f0750ad59665abd6a9647d8f63c24753e2a4ba81c7be433a0ba52eafc2188db504b1c4f058e452ac57e2be5fb42b3d95f1352084f93cb9df05c82f8c28b2f9ca148bda3e3dd2adb47eb8c43919e67e5ee9124b11b6702172b1ce335c077624ca273d169df73383023c5fb356c79882c0551df90db8d235956ea7be8d60f9be7045181f229f5db22c923ad7848e13622d3c789d4fa0041f42f3c5a88aa55106945980f08b9dd7ec00f62eee302a42f4f39fa037b7aba4ecf206503cab1073019bd5e7053912c93e54855eabe29df17af298ef5310fc2e4aa12a2adc54dde5381ab819d813fa2ef6a0c1244aba96c45ac242434b826c6eaef48a5fb773af0540ee7ba3ab20ba826c22230a9bbec166551d2e204d18680f7dc40c44533a7d302c5c88e6d098e1f2a5a88cc65d685d94ae38c0af1d21b8204fac5118ff7b89760a509dd5751b0a055ff4824c5756b0f62a827704e06f785664357ed74fb3708e7d27bd359045e54deff473d5df3667482cf6713af3af104a5f3f8634ee7ba3d90ba6059d13fa5efe166e5e32ec69b047913b64152bcabb96343add088642806b968d721aed0565f0751ad82e805c52fe1b00adb0c70aa342a4f03278758f58cf3748d56218d3e4b310cc9fed2cab278ae931802f84a4693b8a6203a52f9d86e8db0ed3af4dd8dbe6aae1c894e01cfeb627e4e4310ad016ec8e95c7754c6fb0f6345df21e1fdf5a68705004856705045e36d91e6db2688b2672b274e7b056cd3ca4637a809a22e6263bdd258a757f8fb4cb7023e01c9160bb332b9ca0984306e88a33d5da3bf9551d2db20cd4f872bede771c4a45f14433d881e07a2c122f45a7634a29f727f57c4ed9f255ad07f25867bbaee1a82a41053900c432c2849b90d8f819a09393ae3fd87b110257597ddece9d897b9c56c5bc04bf8236453f0d2d8fcbb1841b0fb7b21c1dd1ebaad206a011e521aeb73c0ae21b6bb1bb126ed095ce4c4d1879d26f4394e08ed037cddad3ac3acac4679ba46d79699dc1e43e254b4c4d0b15d84df49842b04a88d66fda131e8c555810402c65901bfa9780c0df8c9a8d110444f10adfc85b658c8abbbac19bdf8acb86c938220bac9d3b12f71f372b9c5731d92d0d0c7f448e6f4416a10959b77d722c536d7f83c886a36155ee55ec61a2f8adf23a6ff8e10dbcf743f3feef450c535e1f95afdcd4602aa3bb335f077f4ea9994124375c0f733ba1f96288ea59df57767cccfad533e8e2d090ef08fca4825f17b63cccf1da3b0efb984b3fc6681963b320995dcea8d240bfa7e19ddecd0ae73c2db04074cf743e244e79a26c994a2b5ae9c2659ee16966b7d1e443517a59a8cd4bbd1e070e0c2989f4de2cf9ce0e9da5cdbe5b89a817bd16bc9f14409310452cf668f8cee074d53ea38e563bb2de6e7fa2b1f87b66b404390ac471a0947650b74e26bfe427e53ae27e4e0182ac5028e259985e5568fc7de8a04e1068557f4462cf54d1859b20dc119662d26882a0b11cd4ca61f01a7a578fc0de807ee16afcb8d5d5e82f7a297c63d1589a72a151ff5fd0cef072d41d48c6e86d9fbc44f02d856f91aad501e4fc3c2f950ccefee10ca17708b2a88f2ca314adff9c2049fef5541f024b5d2dfe1f1fa85c9346b468279b7c2c88a06c44ad75ce13e7e1b7dab79cd082290b471cd09ed1ae03f533af603d14b79efcc1436665b353aeb8496f0ea9c5a5f6a357b4086f78296203a18ddfa4377c5b440f4433710ba03c93cd4a297d27df5b7989fd370973f875e090f6d7641622a92f22012479384ed02fe3631c1b86fe0cf5d566429c1f185bd11d7af55acce8e81482c5750fbaae5eebdd6eef3406a21ddf04ca4e7d44825817835e237ff99e7e3fe84a771ffda49755f071c9782180209344fc2d324cbecd20ab6d38e1f8afbc2d72ec6f73ebac5e70e23b99b612df1e3ab262909a2715d7ed784c4edf471cf505ff7b2dcda5911b6766275809b2706005f257e1c94eff961b21b2b89d57308a503fc77225c424a397c5a873acf0b73118b76731941b4a309a24c198c648c0619683e24b841ba09a24ecaf13837b9f5551af3a74880d71948a5531ff808a86e477cf27588b5ebf34ae3cea820868e4032b3927039f9e82eaf59f76511923e1f872f299fd71ce5f134e25bee275e9077d21771917348ee76dfe0ce439b890a63149c204a5a836aa827519a96209ae3e6ae5282a8cebd8cfb626429888653de42d486942059ebfb406aa5d3efebee65fabee2985f4352ed7d3427ed8fb486d0e601c475742570aad298b3d8b4ce50292e4cb88f278197128ea1e10e1a843442d5e28e98827a347a96bd222f288fa7f1c28e1b503b89fc3005fdda284de804f6bfe056d573138eb37d99df2789717a0f3fc518bbb21a78abc2fcd58f60b7a0e19741ee1eab0b5858cef3689ca8394104d216e140749b334e722f6bede0d6a33c5dfb1b815f20759034781389135914b0cd3892d74af925c9e3a934dc4113d16da3727bcc67f20af4dbb96836ce1c4e720bcd7a67bda8764174b78731c7115cb1372cf7b9ffbeeb41103527146d77914e76df5a241837a8dd434f2ab78d30fcb12dc1e51d3e20b8e2b809a232cc43621b1e531c737fe079f48a19265d599563155214f27b4ae3cd41e2691655d8ee7c8555ec0324cff2d048299fa8f87d2c43ca1344e522f48bf1ad567e2634dc658f10af2751d21771350822adf9a12838e7261c675889df1d9950b4dd99d2f75370ef852515de83db7b58f81ae1e6ed2104c72316055187ef83a9afc10bbcdcbdd834ab9fee88c4821cac74cd7dac701b80f31485e5782abb200f2479f0e74fdd7f935a889a15ae9f665cd75d44b75a9d05fcd0c3bdf100ba155e272a5d9f388c27fb6285456639eb83361aeed2f791a2871a82e823257e97640e5b023c95f23be1830acffe70f47a3b1ae1e917e2ba2f70f7b3598862b21ef822f02bc53107b855eda7138e3386700d13a3d24b699cc54890749849f4a284fb7ab9d32ab66fc6e77f10ba81957746bcb7ae032ef3f43c5cad38564f9267e215807b627e364feeb27b3c8cb93b3ae5163abb23d792ac1651a9f4ff2456acbf93423c4827d6b9176a398b640f77cd0763a449d13237b0c25cb1808d6db24c10259874bf87740dd732b5352181a067261863528eafd972c4141ea6368b8675e8679d547f5297595241a45d15f872e077c0c9484988ae199dc506b29721eec9533c7da76f22b568b43882e429cacf257841d77afcd0b14ae3dcd7e5ff93c4116ddd65b1b017a5ad4661b93fe5efa9c309a272f75c31d36ca0699454295ae6065610b3a9649841fed3ee1b1157c84ae21764badc5dd0bfa0539ebd1ef82d52a7e4e7194e78dab43a813333e4f61725dcdf5c36b5a2342888d52468c7750d4782db8b01eeed6e426e77cfdd76292d483a8b4e0d34dc3971e347f6a27c0a78da2c00a679185743f0ad051e2df1bc25c96cdd898d99a0c72714270fa6fc5d159c209c47f97a75fdd06f956354fe5e8612ec3159ec9eb554c89b20da1ea9bf32ce3dbcfd3afded7de09f4853d1db23ae786e7717f51ec59bfe276e427c38c26786b9493d6fac43da71844dcdd6b00e5dc6a666f3a4314449ac1643918074dfcf5ada2ff357801b7268c1a885ecb27bd18f69e88fb42449ca636c1e333637e1983b2809a2e790ead169b20178a7c28bb5debd738e74d7ae0efd4c4f6323eb11afc04194b710152d7ba9dd2f7911447b3881715cc0aa7998fb390ef88d1322972101a36178c609ad87d0f115d7037f0276237c8fa83cbacb3a80cf112d0be9e284fb5c8e34a0d52489a03a9edae49be86666247595e05e4cafd58020f2e12e9b808ed5f0a132d73d09c538a22148e66d5cfe9ed1f7f541084bc35867ad586582c83b6d8807682fca973b588f242d2c4beba0b216445b02ff0f298218e5e6ab4332828e46b2bfce229cf97aa65b013cc3a6d6a72496858bddfeab55109d1e71721f47f26ace57b37985e2a459624904d1a7a93dae466a6869a2211ce3be10072296c93cb09acd5d521a68b9d31ff6208846291de3e48cbeb3e588cb6c3de54b740c72f75901230f1aa40db16c760b0bd17ec02dc08884e31c8cb87aae446ae2546a05f01af01924634c633576067029955d784de8f7a74acad9487653142e4ab8cf0d480c565792d6118a2b88fa93afba361abc41f29614a5d0881f8a2b8826919f249087d00ff26c4027b0ff7de0d512bf9f9b70dc5d1444f17c607a46df59b11ed172609b8085760f8cbcd0e6847c6a8228ab09660252f27e84d27845f51f3630f771e0d74afbde22e4cb673c3a41dd5afc04f8ef889f1947f2a281b72265fbb5c5795c4134a9c626c135c049c4eb1116c46092b94a4062d5e25a56f2948ce0c35d36161dabf523657e9f54108d44acb8494a2efc9d6cad2f8b49a9e2b1a1c25a6768585dcb82e84824b8594b1cdcef562fbf20b85f4d2941305fe9184ea172b1b84fe5e846fb23f0a3189fbb4861df9796f97dd254eeb8b59d6ac95dd681d4df9ae961ece3481e53f124f17ace35a2d3fd7d859b239613dfc2d3c1e629ed1a7c52699c72491e2b49168b31cc1d6392f216f767fc7c2c456252da30aa816524ab9f957b413412b80db1aa68703d62c28d53b46915d12d24e5e84770f5de06f49b75c6e54ee2f53a1b8f4e4b89a96e85d6f5276933dade3126eb66f4eb0f65c9d9f86b89a061a1899b6e7d3852e622e9e4da0fa9a7d3d72dc8ea62fc6ce12c0dd5268820b995e83b09c5fae3193f1f8b807f9920aa1a3e8868e4a82a4154e72c13fd94c69b057c9564154f6f40cf7c1af4c2184b3e8a7e3d057c21e635fb69153c4051ad4413d1abf09d3567523a364b83269207d243fc7e6ac72addfb1a19773efa298d46eafc24e515827b0f261544fb26f8ec4ba4982d548625ee1ab463e49d540b3216493376e20be836ad3c1fc91848aa405f7113525282ceed841cdc6033116b5a9c1bec78a4e548de1984c40884e5841a9838da108bdfb51ef77124c95ddc8b891f50ab91ddf6788ebf432debd01315fefe4e86e7f8480eaef34a2426652de5630e3bdc33d5e116cbb5dccd21aff47262e855747b30e64610d5a1d7851dc417ac55cf629692201ae91eb2e5397df1fe8d78e6c73ae0c755f2206d1361db26aabffed0874800b5ef46991a2fec2788678ddd1d290a98944773fc3d6acd0f952c70590aa2bc5cfff9400be51b8aae778bc717dd769675963e4d48e2cd63c48b39ccbd203a0429bea8c53fd0335d2f513cae8f02cf77f9ddde4a137a52be015c4274fff9e7dc395403c3226c3b89e4fdd3b2e42ea47ed7a21416331af5b3e2be103562ef162396e03c3294e4d97b38b1f944856de666748eeb80a77372bd5b9c28da99d24902ed4e10fd1ab1369b85287dea90b08e76d26d029c9a20faa4f2789a418dcd8a636d5f42109d90939b6c0870227053c4fbe3c22a7a90a254513eb94a278bd9c077f193fa5d8a31eede494a5c978986207a92fca65a6b59296750b95e4b5682e819528e0509600d9269f6314a67b636237d08eb9c9033ba1169a9dfa394c7d35cd90ff63c569ed2edbf1d71fb2f01bb56d1fd1cd642b435f96db25b8ee94826deee298a21d0294bf01ef0568ccf6955a77e32c7dfabd662714a886ddecde81cf3e4ae5ce3eec5e501efc4116e716b74337aa4b48fdd94c71cae28080f503caeaee50446007be6e8fb1ee37ec234716da4baac43b0b1df5298977ca3e27e0bf8e97bf40a52f3e65624a6210b3ea33046dc1827adead44fe7f47eed4fb242875105d152a095e4250ca2f2488eaef96a27885a03b6e98b8e55d4a832d2b010ed845edda1227b2829f883885fd0af145d53b84fcae1771ed64af41fe423f6290a61ad599aeeb20270858755ec3024d8fffc0cc5d07ee8a483c715241a56bc56c49d944734aba44f09b9dddc94cf714586f76f29d6212eb32041d4d3bd5faa39c6d0c8a920eaeb69dca4bd9aead0a9bcdc99962a10442721819c413413af9275d66c17e27e1ba4b82a07692afc2b74ebd3e42503eec4945fd69dd1aa4efd2c29076646e0b34ae3cc414a888421ed4cb3677276fd0b4850f5e20aefc5ed816d4d229820d2a6b7a771bf955070fc08fd66ab9d05d108921532f3450f2a5b89ce4237b62a4d2a9550f8acf27d3f1969a8f990f2799c4bf6192e1af16fcb28dd6cb4121ad5a921bfeeb22d81a395c68a728e690ba22939bcf62b9c282a1768df8058c74d107533d28821f25526bd1eb81931ebffdcdde46118e256f45ff4704cb33bfdfba41c7fef6720bddf4a558eed079c57c5f7f4c1155e10a72aefef5ef7df6bd06d03320289dfb935a3ebb8071b3b9c27b510c4c9f0d20a7a2fde0b4d6cda6fb0079b67196dd54984d621c1f73ddd67fb2056ab3e9dc62afebdd98dd588589d5f0a797e5a716ccf46d876ae0922dadc226639a52dca3d90784413442688d459ea71ec7aa4e0e399eec5f4285243a2730f94ad9cb5635f24dbed784fe7bd814d6315f22c887abb6b767189bf7d9ff89de3f3405056d29e4e406b311f78d9fdfb1ea4a695664cda79190a222d774e1c0b4d1d7ad9996956a85e077c3ee4b69af3435e05d13aa4665cdee870826801e55dec434d109920f2c10729eca3192920f8b90cafe53436d6adc8abbbac33df423acfafec32099ca934fe0f89166cfc3174dc4e0705fced2bcad7f0fe4ed68ff5486fbc6f2b8ebf3f62757a2083fbe3840c05d118aa33edf971248ba9124de859135702af45d83ecdd4fb69e4a7fe50d7c5eb3b4e10954bc4e8e3e6c37afcf4af3372481a310acb80d7bbc1b5bccdd3eacf170390e6b89db910bd66a737213155617ffea5b4dfc1c0a812bf6f04beac7c0defebf2ff3efa895d94c1bdb12b3aed6c3610ce7dd49593aa740e08db4e68127a05615f205ad0f2dc14afc7949c7e4f1d4e182ea8f06edc0ebd66e48609a27ff36c8d5fc70d48afb06a9bd0cf65631cc3cec0e94ae3ce44325fa2b040f1bc4ab59a380e5d77d63a36afaf3283cd2b9527650cbab149690a9299c46bcef8992a9d07ee0fb99d66d98717226eff21e935cc9c92e3ef6a7e88396720522bcae826a4d5bae366c5976d1eb901a9c60b7edd650b29df94300e439100ebff067e86645768705b8ccfac42dc0d1a2be749ee9c3aa37dff3d41e9c68357a1535db9331791aedb4c4b904c8df199fdd02bbc9a266f12ae1af756c0318afb7d2ec667de4527603e888e9c2f845b915e656d94af933718492e58e616bd75186951878423b4236ee154dc966909a2479d60a8c572e8edc04f3dadfeba4e30e700372a8f7b01d216e244c531ef8cf9b9779006b949390c890168ed24fcb4ad2c93cbfcfe1624364bd3d43e060932be3385fb7957602fa5b1a6c5f84cadbbcb3e899e5b1ae2052dcf4d4110cda27c7b8cbcf081133be582a7472171877b3be1d403232dea9d205a8214f69c4e7031cdaa12441dee2571590d7e71bfeab232fca2a7fdcc422c6dbf205a13d34a0c0878b9c7e12dc45592a5206a74abf05bdcff9f82be7bf8de32bf5f035c8f6e70354869897b9d00f74996ee9cee2088bea0b8cf306e9f7282c837cf55c177b618c9361b58667ee80f1c81582d7db5e7314a53d7693efdd0bda3fe88e724ad3415ef55c0d9ca2ff3ac99c5a6a9eb7be3af19eab34e58fe814d2d521a34298e757b82cf6a168d3bd509a27a360f1e4fcaab155e2abff7208876054e7393824fb45ed8ab895e90f160745a85a4cd6ac4855a89fee816838ddb12230d4134b50abeb7c5481b8fddd9b44655672b456ffc151736c2b123e2466f45125756f8da519a9570d7a097d29d075add6a769da7d55fb915d735f82b76a941924eec6f291ec7d1480cc044c2377d0d4b258bdaebf8e9b0fe13fc36e63c0018a934d63f89deb2e1d42a9d0b1eed320f94e3b3ca8bd0b8357ed248bd7fa10abeb70f9d206ac7c83b8311ebf5509f3b49bb35c03d88a5a8da6943024f5fef722d4ff6b8cfa2205a403ab12471575c4926c2d7148fa5c109d4333c9c671817e3959e26059f3de63405fdcb11b7ef45b675c4929085bb0cf26b215aa9fc2cfb9cafde21bfbdee8c4d1984e7acbf2c7a259d43fc1893bc88a1138187bbfcfe50a443b90f56b0a9f5e4f29c5e9bc924cb067845f978ce462c449ab410aed8e01d6ccc3cd4e42c60370fe3f6207c95651f82e893546f85f430e9f63bb9394293e9391544d3a88e62866bdcb568c3a806da096789ad2a41b41ae9e333af0abf905624a5fb9e14567f5d57829dfb413d4dbc82776908a224bc43b84abf6119867e20e403215794edf8b112f570e36a9fd704744b3a441544d5ea2e7b8570b16fa728ef772912101c870f3c8b80a955f4fdcd265e36a4912e1bdc7b6f7ead0922101ff638d2efbc9c84d790f6120f97f8db16f8cd8e2935c1fc3667d7a70d7830e11805e2bb01d2e2be08dbfe013f45f00e47df15789af2e415c5dab71df0892a9da8c3d487aa43bf4afa8c84cf99cf38a26a1244ef0157bb97ed8a108b9d0dce4ae1c3cdb6c1cda3edc46b881cf51ee870fbf3218e3b94ae539b13ff0f027f0616f9bc2859d655780be93b751712cc99676e04be41f93a0813f05be2bd9448b80949f9cf4b03c229e844ff4f43dfb5a0f990472990b81429daf9550fc77209e2aa795b61ac0148256f2dde882804bf98e1e22c2961aca263d1cf9e9b9ef0f3739122b23e78a18abebfd5480c580bd2f87b2f604b27180a2584ed5a243ef1a31ee6fca20b6f1192f9dbe04918d539a1b21e49d2d81e293da0c92aa458e91a6730886ad12ed6216a71f7d3bd88d5d9ab7b33eb42531fb8c9e207ee276f85af16025f77a22d882f7b3e8e52eeb1f588ebe4a29c5cab7b95c6c9b3f9fa39a4505814fec79320ea8d941518ebee85247c9e8d2d5c347839e2f6a755a9186a255c3cd9291ef6ad21887c309fea0b8758033c85b41b1ad8e93dd4558cb4bb97fb51c00e1e0451a39b637eeff6dde85110b5b9f33e15f84f0ffb687373f98d6ea1dc2bc6318258993e745ac1b7d58cba42a110e1082717429c405cf6027e037c3c070f4831fee3c76e951f445f279c1a3d1dcb4aa4dc7fa96b3f10317d3779daf73781bf46581168a8f7c1f829be3589e4ad04d6132fc66932baed1a3a73a5fb9e92d0ac7cffae239a85a86f950aa20d84ab9edb07bdb6385acf5b13a56befa4754daa95bd80efbbe7d947098c29c02f09df172f09fb3943c4240fefafb5c033484ba8c77d9d40a164dbcaf8e4c922331d295af67177c365218c8a4d5a7f8c98fdb3585d77656680325e8c14aafaa6a77d5fe6f69f6693c605eeda6bb716381f89bd2964705ffdd2a3203ac33d3b7f4830c66a7483d9a3d2426d934781b086f49abcd60a7b20ad8e3e8d3f17efa148b6e52ac46ae56bbedacdcd4b477a3a975e6eece2bbf1f16af882f3e8b77fd409a33d91f4f20f53d8e71224487914922df64684cfface8ea9641aff0dfeea68342241c47ba77c0f3ce669a2392da37b7a0a7e1b5dfe8eeaed106f18d540a37bc68e0df1de2c20169216c47bb000e999b68670e5087601fe0bbd22a95d19ec16f2fb453897e5ee3c8ae7b236c4b9d421d5e74fc46f8cad1a79729995a301c9489b80541f1ead24e4162101b277222e8d3871183b47144f71f806e2530ee226746bc8945ac14f20bd60c963d0edaf5664995b192dc8e0593b8ed2e51ab4684362d96eb1779761a8d2c3bd837eec5ef09504c42cb7b09fe116f41b90c48551486fb4839058a44a8bf47391a40ced05ef4424b67154886d5f4632ab5f71efcc823b978fba6b3286caeee03948bba9bf689f4b2dbbcccab1c1dd5c8f02df45fcb6fb3aabc548f733c8fdf445e2213a7fb6d5bd00df4132db5e4282bd5e2179f1b0342c0e61fa41fd04a9f2eb4b94f675d7ff24c257e54dc2a348ecd496cae3f6435c8cc7927ee1b8fbdc77b99ba7f1b7409affee0bfc90e481d6866108bd9d9563ef100baec94812ce34362f6d300069e9738c5bc00615f21de016a1ff40b760edb64e9455ca305ce18c0577b863e85aff6710e2d23b0e29aa1a742e23804f21a9f31fe4f98bee51853767abbba92af58aaac36fbc483df0a514ce775648d1f437fcb63ee8ed5eea3f447ccf3e05c53a37b1f8389f896ea5f7c394efdb02127f7087e7fd9c8758524fa1ba2bc21b465e1886b8979a03b659ed04c42548ba79299620b134d31117d4d709eecd351638505910ed8f840f042d9e9723c9349750be56e04227705e423c085f03b609187357c4bb53b498e592fa1abe897d07cf1e89d46ff0c9222a67b915b9388573ae47b2061ec55f0d932237781cfb02a4f64ddadc45f494f438ec8d3457fd1592a16818463c9addf31454a7a70d7804e9d3f9668831970257b8f9a0ad8210db95caeeb528ec8a58a9cb09a20e27747e49b8c2c98b10abfb4d0407e9f743dc8d03f2fc65d7dbfd1e9b5352d8c7ab11b7bd39a5731fe7562d97a05fd0abc803f80da8bf1efff5a34a89f40b52da5703e262fe17d2d36d4b7b640d23327d91ecb2a014fbc5487ccc3f228cdb82588b2b255b7c04bd963abd9002a1418ba437104f40944ae6ff026e25b8b6d556ee3ae6ba5f610fbbdf63f31e1298e693a841cc3f447cdd5ba470fe3d11f7cc998879f53af770873587f647ccc5e5dc3aed6ee571bec7c5c0f56ec574a1db5f5c3e8e14e80bd3787032f03c620a4f8301c0a5c08f90d2f73710be3d4a3d62627f11eb086e744f7a033b52de5dd601bc8e5864a386114c75f3c6a101c68901c010248627699842ff0ae2aae0de39cfc5187b8e3b9fe165ae554fc4a3d26c82a836f9410e8f690e929176668afb6c02fec3fdb4b88769965b61acecf4306c89f8988722c5cd5aa95c9be70ae03b9eefd3ff8bc4159d033c11f1b37bb8cf4f43dc8861393be6a49374a57b96fb5988c4e0bd86241cacedb44d1f37018f4432494e31316474637a2256f072b5e65a116bf9ca1863af445aefac0d100abdddfe1b94045190a57803927814a7c7e81a249ee808c4aa556e0e324164a4cac5882ba86f06fbeeebc4c5c4102ba36390e0bd20e621c1e25ff07cdcfb20c18e2fbafd15cbf817fdfb8d6ea536184955dd078921dbd96d775ac4fd3d8f586abe94d13d3208f86c856dda900c92c7ec9132ba310d6cec2b564e082c22be85790512905d4e286ce1f69f34bca5cecd634129f2ed6e4e8e53017d3de23a0c8a236a241def850922e3df2c462a7dff2ea7c73715c9825a1e72fb8b916cb386148e6d3ff713856f13ce55d695f39154d4de39fc8eda10d7eb83f63819dd9c62d7f68e0051524ffc9227f515c44e7ba7fd27a1e09eebf60aa229c93cdb50e15cd693736bb30555d7267f209f4d529f8e28864082fcfe94d3ebfc57e217909c87c42ee58da22bf31e7b8c0c833682ad265b21b131718d0bfd09ee45b9c6ed5f23837805c1f5c91a906cb038bd317bb9eb10e4925b45cedbc59820aadd55cd57c95771bebb814f441443452e207ffda0e6913c56eb32c2754b4f8bc5882bf0117b840c0310ebcc22ca5b819b81dd89974ebe0d9202dfb38288588c8e65a5a5c2fcdb80d40ada39c6d87d10eb7aff8077d25236c62b9a203252653a12f09b07fe84f4018adb40742152c63e2fb4236ebca509c7e900bee226bdac998bd409f9873d3a86f16f5a91b4f220cbc628a4886214cb4a1d929d7a4885f7f06237ff695888562195a23b028ee96024303aaaeb6c772423b59cb85b8d046bafcef3976d82a8b6b914b83fc3fd7700df034e5758e1fc9174da8684e15bc0334a63bd85f4abcb92a7909e44b3ed91318c4d5886644f055956fa2116f943228cbb2312a7373a609b75ee996c515cc8bd8558b7cbb11dd28ae38008fa604fa452f5900ad7719ac222d20491119b82b364bc9cd1443211a996ac752ea710ad60980f7e8e7ec0fa5fdcb8597005301ebf45300da35ad980d4199a1fb04d1dd243f01c242ca0523cd17e48e2cbc709ceba9a8d94c6d06c933413f11e04599c0e70c7373e8446188358ef8fae70de4b90849ad63c7fd9966556fbac7437ebc348fd9f349886a4cabfa53cee62a431ebd364d392e2d7f8ab3f75019296fa9d94cea515b174fdd91e11c3a838ef3c89b4f0e81b208a26b8bfef88b89e3f74f36f0171a70d0076419a647faa82182a2075d15e523e975711ebf65194776f35bb79b619691ff24f770d56b9e36a466a238d469ad48e4782aacbb1ce2dcadfc67f7b291344464516018723e5d58ff2b89f76e0a748bfb3764ffb98e904de43298ba21fe0d78a53405a6dbc07fcc6f3b3390538d54d50866104b30669dcba3f302960bb3aa402fd68600652d7ec5d37170e465c4bfb22c1d4956274e6b9396eae8785d014a498e4be15cee508270267b973998758cc8620b5d8f64182a82b5991a6236d4a56e4fd8b3641d47d58ee5630df45babdf7541e7f1a7006e904e5be80f4539b8cf8bc7dd282c440dd99d2f7f45b772d6f40fa0e69df03170297a36b86378c5aa6c30988878183289f495514127ddc76a391acaa0262fddd92f215af3bb312b80d7deb50e745e5f58825ab5fc076f588556b2ce25d2866da15cf254c91c50d4815ffc7a8828af71643d4fd1eec4b908c80bb94c67c0fa9b83c86743394fee956383e53c4ffee26823b53fe9e9e73dfd18f8857a6a0d4a474053002e9bf6762c830a2d1eeac1c37867cb1d7238d4c0721d6a1fe21c550010909f833c1714b4958819441b99b7069f00d882b7090fbe947f88ad3770337918f4c5a13444649e6203eecdd9100e14531c6988164168c72934416bee10588fbec74f76fcd15d4714881c2ac82b8d7023f418a9d9d1b73b5d882589c4621359396d8ad6f1889167f572396695f2101cf0057ba39c8e79cfa2ed2f7f2018f0ba4a7dd026c66b57cc1758542f86b5ec7e442e09f8d6aa501a93f3116c930d8d1bd88fb7612cdf311b3f1d388756946cecea137d253ec1b4ee8c51120f7ba09ef11f219fc371271151e840467eee8569ec580c6954866ca0b6ea27b909c1742338c2aa31eb14c5f88648935298dbbdecda9bf422c5169b8978ab590beebe67eadc6ab6d4846d92f1037a3b702c185c0902e1344869f87a65065c73c1a091e3f10a904bb3d62be2eb20a781fc9829b8104193e4595987503266a738519463acfdaae4896e6c9244fee58e784c3a588bb3ccd454c2312ecfd4d24fbadb7c2b9dc8b54e17fc9f7b99820320cc3308cec198124aa1c0b1c46740b4b0189bbbc1f71c3fd23c3c5e76e4888c0314881c9c6889fdf805885ee47fa20a6e24130416418866118f9a0de098809882b6d181244bd550951d181a4bd7f888420cc44dcf38f918f82858d88eb6c02926e3fc49dcbd66c9e91deee8e79211bc3291e72e7925a7b0e134486611886912fb644e2fa0e72c2680724beafb7134dab9c80781fa9cbf30252dba725a7e7321af818527b69b81345c54ef6ab914e04f3916cdfe7908ada4b49d9c295674164a48b0950c3300ca3dba22d882cedde300cc3308c6e8f0922c3300cc3304c10d925300cc3300cc304916118866118860922c3300cc3300c134486611886611826880cc3300cc330ba3391ea10198661188661d4226621320cc3300cc304915d02c3300cc3304c101986611886619820320cc3300cc330416418866118866182c8300cc3300cc304916118866118860922c3300cc3300c134486611886611826880cc3300cc3304c101986611886617453fe770029c197f4ccc2d24b0000000049454e44ae426082, 0x89504e470d0a1a0a0000000d4948445200000244000000920806000000a418d541000000097048597300000b1300000b1301009a9c1800000a4f6943435050686f746f73686f70204943432070726f66696c65000078da9d53675453e9163df7def4424b8880944b6f5215082052428b801491262a2109104a8821a1d91551c1114545041bc8a088038e8e808c15512c0c8a0ad807e421a28e83a3888acafbe17ba36bd6bcf7e6cdfeb5d73ee7acf39db3cf07c0080c9648335135800ca9421e11e083c7c4c6e1e42e40810a2470001008b3642173fd230100f87e3c3c2b22c007be000178d30b0800c04d9bc0301c87ff0fea42995c01808401c07491384b08801400407a8e42a600404601809d98265300a0040060cb6362e300502d0060277fe6d300809df8997b01005b94211501a09100201365884400683b00accf568a450058300014664bc43900d82d00304957664800b0b700c0ce100bb200080c00305188852900047b0060c8232378008499001446f2573cf12bae10e72a00007899b23cb9243945815b082d710757572e1e28ce49172b14366102619a402ec27999193281340fe0f3cc0000a0911511e083f3fd78ce0eaecece368eb60e5f2deabf06ff226262e3fee5cfab70400000e1747ed1fe2c2fb31a803b06806dfea225ee04685e0ba075f78b66b20f40b500a0e9da57f370f87e3c3c45a190b9d9d9e5e4e4d84ac4425b61ca577dfe67c25fc057fd6cf97e3cfcf7f5e0bee22481325d814704f8e0c2ccf44ca51ccf92098462dce68f47fcb70bfffc1dd322c44962b9582a14e35112718e449a8cf332a52289429229c525d2ff64e2df2cfb033edf3500b06a3e017b912da85d6303f64b27105874c0e2f70000f2bb6fc1d4280803806883e1cf77ffef3ffd47a02500806649927100005e44242e54cab33fc708000044a0812ab0411bf4c1182cc0061cc105dcc10bfc6036844224c4c24210420a64801c726029ac82422886cdb01d2a602fd4401d34c051688693700e2ec255b80e3d700ffa61089ec128bc81090441c808136121da8801628a58238e08179985f821c14804128b2420c9881451224b91354831528a542055481df23d720239875c46ba913bc8003282fc86bc47319481b2513dd40cb543b9a8371a8446a20bd06474319a8f16a09bd072b41a3d8c36a1e7d0ab680fda8f3e43c730c0e8180733c46c302ec6c342b1382c099363cbb122ac0cabc61ab056ac03bb89f563cfb17704128145c0093604774220611e4148584c584ed848a8201c243411da093709038451c2272293a84bb426ba11f9c4186232318758482c23d6128f132f107b8843c437241289433227b9900249b1a454d212d246d26e5223e92ca99b34481a2393c9da646bb20739942c202bc885e49de4c3e433e41be421f25b0a9d624071a4f853e22852ca6a4a19e510e534e5066598324155a39a52dda8a15411358f5a42ada1b652af5187a81334759a39cd8316494ba5ada295d31a681768f769afe874ba11dd951e4e97d057d2cbe947e897e803f4770c0d861583c7886728199b18071867197718af984ca619d38b19c754303731eb98e7990f996f55582ab62a7c1591ca0a954a9526951b2a2f54a9aaa6aadeaa0b55f355cb548fa95e537dae46553353e3a909d496ab55aa9d50eb531b5367a93ba887aa67a86f543fa47e59fd890659c34cc34f43a451a0b15fe3bcc6200b6319b3782c216b0dab86758135c426b1cdd97c762abb98fd1dbb8b3daaa9a13943334a3357b352f394663f07e39871f89c744e09e728a797f37e8ade14ef29e2291ba6344cb931655c6baa96979658ab48ab51ab47ebbd36aeeda79da6bd45bb59fb810e41c74a275c2747678fce059de753d953dda70aa7164d3d3af5ae2eaa6ba51ba1bb4477bf6ea7ee989ebe5e809e4c6fa7de79bde7fa1c7d2ffd54fd6dfaa7f5470c5806b30c2406db0cce183cc535716f3c1d2fc7dbf151435dc34043a561956197e18491b9d13ca3d5468d460f8c69c65ce324e36dc66dc6a326062621264b4dea4dee9a524db9a629a63b4c3b4cc7cdcccda2cdd699359b3d31d732e79be79bd79bdfb7605a785a2cb6a8b6b86549b2e45aa659eeb6bc6e855a3959a558555a5db346ad9dad25d6bbadbba711a7b94e934eab9ed667c3b0f1b6c9b6a9b719b0e5d806dbaeb66db67d6167621767b7c5aec3ee93bd937dba7d8dfd3d070d87d90eab1d5a1d7e73b472143a563ade9ace9cee3f7dc5f496e92f6758cf10cfd833e3b613cb29c4699d539bd347671767b97383f3888b894b82cb2e973e2e9b1bc6ddc8bde44a74f5715de17ad2f59d9bb39bc2eda8dbafee36ee69ee87dc9fcc349f299e593373d0c3c843e051e5d13f0b9f95306bdfac7e4f434f8167b5e7232f632f9157add7b0b7a577aaf761ef173ef63e729fe33ee33c37de32de595fcc37c0b7c8b7cb4fc36f9e5f85df437f23ff64ff7affd100a78025016703898141815b02fbf87a7c21bf8e3f3adb65f6b2d9ed418ca0b94115418f82ad82e5c1ad2168c8ec90ad21f7e798ce91ce690e85507ee8d6d00761e6618bc37e0c2785878557863f8e7088581ad131973577d1dc4373df44fa449644de9b67314f39af2d4a352a3eaa2e6a3cda37ba34ba3fc62e6659ccd5589d58496c4b1c392e2aae366e6cbedffcedf387e29de20be37b17982fc85d7079a1cec2f485a716a92e122c3a96404c884e3894f041102aa8168c25f21377258e0a79c21dc267222fd136d188d8435c2a1e4ef2482a4d7a92ec91bc357924c533a52ce5b98427a990bc4c0d4cdd9b3a9e169a76206d323d3abd31839291907142aa214d93b667ea67e66676cbac6585b2fec56e8bb72f1e9507c96bb390ac05592d0ab642a6e8545a28d72a07b267655766bfcd89ca3996ab9e2bcdedccb3cadb90379cef9fffed12c212e192b6a5864b572d1d58e6bdac6a39b23c7179db0ae315052b865606ac3cb88ab62a6dd54fabed5797ae7ebd267a4d6b815ec1ca82c1b5016beb0b550ae5857debdcd7ed5d4f582f59dfb561fa869d1b3e15898aae14db1797157fd828dc78e51b876fcabf99dc94b4a9abc4b964cf66d266e9e6de2d9e5b0e96aa97e6970e6e0dd9dab40ddf56b4edf5f645db2f97cd28dbbb83b643b9a3bf3cb8bc65a7c9cecd3b3f54a454f454fa5436eed2ddb561d7f86ed1ee1b7bbcf634ecd5db5bbcf7fd3ec9bedb5501554dd566d565fb49fbb3f73fae89aae9f896fb6d5dad4e6d71edc703d203fd07230eb6d7b9d4d51dd23d54528fd62beb470ec71fbefe9def772d0d360d558d9cc6e223704479e4e9f709dff71e0d3ada768c7bace107d31f761d671d2f6a429af29a469b539afb5b625bba4fcc3ed1d6eade7afc47db1f0f9c343c59794af354c969dae982d39367f2cf8c9d959d7d7e2ef9dc60dba2b67be763cedf6a0f6fefba1074e1d245ff8be73bbc3bce5cf2b874f2b2dbe51357b8579aaf3a5f6dea74ea3cfe93d34fc7bb9cbb9aaeb95c6bb9ee7abdb57b66f7e91b9e37ceddf4bd79f116ffd6d59e393dddbdf37a6ff7c5f7f5df16dd7e7227fdcecbbbd97727eeadbc4fbc5ff440ed41d943dd87d53f5bfedcd8efdc7f6ac077a0f3d1dc47f7068583cffe91f58f0f43058f998fcb860d86eb9e383e3939e23f72fde9fca743cf64cf269e17fea2fecbae17162f7ef8d5ebd7ced198d1a197f29793bf6d7ca5fdeac0eb19afdbc6c2c61ebec97833315ef456fbedc177dc771defa3df0f4fe47c207f28ff68f9b1f553d0a7fb93199393ff040398f3fc63332ddb0000415769545874584d4c3a636f6d2e61646f62652e786d7000000000003c3f787061636b657420626567696e3d22efbbbf222069643d2257354d304d7043656869487a7265537a4e54637a6b633964223f3e0a3c783a786d706d65746120786d6c6e733a783d2261646f62653a6e733a6d6574612f2220783a786d70746b3d2241646f626520584d5020436f726520352e362d633133382037392e3135393832342c20323031362f30392f31342d30313a30393a30312020202020202020223e0a2020203c7264663a52444620786d6c6e733a7264663d22687474703a2f2f7777772e77332e6f72672f313939392f30322f32322d7264662d73796e7461782d6e7323223e0a2020202020203c7264663a4465736372697074696f6e207264663a61626f75743d22220a202020202020202020202020786d6c6e733a786d703d22687474703a2f2f6e732e61646f62652e636f6d2f7861702f312e302f220a202020202020202020202020786d6c6e733a70686f746f73686f703d22687474703a2f2f6e732e61646f62652e636f6d2f70686f746f73686f702f312e302f220a202020202020202020202020786d6c6e733a64633d22687474703a2f2f7075726c2e6f72672f64632f656c656d656e74732f312e312f220a202020202020202020202020786d6c6e733a786d704d4d3d22687474703a2f2f6e732e61646f62652e636f6d2f7861702f312e302f6d6d2f220a202020202020202020202020786d6c6e733a73744576743d22687474703a2f2f6e732e61646f62652e636f6d2f7861702f312e302f73547970652f5265736f757263654576656e7423220a202020202020202020202020786d6c6e733a73745265663d22687474703a2f2f6e732e61646f62652e636f6d2f7861702f312e302f73547970652f5265736f7572636552656623220a202020202020202020202020786d6c6e733a746966663d22687474703a2f2f6e732e61646f62652e636f6d2f746966662f312e302f220a202020202020202020202020786d6c6e733a657869663d22687474703a2f2f6e732e61646f62652e636f6d2f657869662f312e302f223e0a2020202020202020203c786d703a43726561746f72546f6f6c3e41646f62652050686f746f73686f70204343203230313720284d6163696e746f7368293c2f786d703a43726561746f72546f6f6c3e0a2020202020202020203c786d703a437265617465446174653e323031372d31312d31375432313a33373a35362b30353a33303c2f786d703a437265617465446174653e0a2020202020202020203c786d703a4d65746164617461446174653e323031372d31312d31385430383a33303a33382b30353a33303c2f786d703a4d65746164617461446174653e0a2020202020202020203c786d703a4d6f64696679446174653e323031372d31312d31385430383a33303a33382b30353a33303c2f786d703a4d6f64696679446174653e0a2020202020202020203c70686f746f73686f703a436f6c6f724d6f64653e333c2f70686f746f73686f703a436f6c6f724d6f64653e0a2020202020202020203c70686f746f73686f703a49434350726f66696c653e735247422049454336313936362d322e313c2f70686f746f73686f703a49434350726f66696c653e0a2020202020202020203c64633a666f726d61743e696d6167652f706e673c2f64633a666f726d61743e0a2020202020202020203c786d704d4d3a496e7374616e636549443e786d702e6969643a64613432313331642d663763332d343632342d396434312d3836613763373735333362663c2f786d704d4d3a496e7374616e636549443e0a2020202020202020203c786d704d4d3a446f63756d656e7449443e61646f62653a646f6369643a70686f746f73686f703a30633638626263662d306339622d313137622d393561392d6664323935666639643165653c2f786d704d4d3a446f63756d656e7449443e0a2020202020202020203c786d704d4d3a4f726967696e616c446f63756d656e7449443e786d702e6469643a32643132626266362d346439342d346464382d616264392d6534306261316438636439343c2f786d704d4d3a4f726967696e616c446f63756d656e7449443e0a2020202020202020203c786d704d4d3a486973746f72793e0a2020202020202020202020203c7264663a5365713e0a2020202020202020202020202020203c7264663a6c69207264663a7061727365547970653d225265736f75726365223e0a2020202020202020202020202020202020203c73744576743a616374696f6e3e637265617465643c2f73744576743a616374696f6e3e0a2020202020202020202020202020202020203c73744576743a696e7374616e636549443e786d702e6969643a32643132626266362d346439342d346464382d616264392d6534306261316438636439343c2f73744576743a696e7374616e636549443e0a2020202020202020202020202020202020203c73744576743a7768656e3e323031372d31312d31375432313a33373a35362b30353a33303c2f73744576743a7768656e3e0a2020202020202020202020202020202020203c73744576743a736f6674776172654167656e743e41646f62652050686f746f73686f70204343203230313720284d6163696e746f7368293c2f73744576743a736f6674776172654167656e743e0a2020202020202020202020202020203c2f7264663a6c693e0a2020202020202020202020202020203c7264663a6c69207264663a7061727365547970653d225265736f75726365223e0a2020202020202020202020202020202020203c73744576743a616374696f6e3e73617665643c2f73744576743a616374696f6e3e0a2020202020202020202020202020202020203c73744576743a696e7374616e636549443e786d702e6969643a31616638343636332d343733642d346533642d626165332d3338336632633939633739303c2f73744576743a696e7374616e636549443e0a2020202020202020202020202020202020203c73744576743a7768656e3e323031372d31312d31385430383a33303a32332b30353a33303c2f73744576743a7768656e3e0a2020202020202020202020202020202020203c73744576743a736f6674776172654167656e743e41646f62652050686f746f73686f70204343203230313720284d6163696e746f7368293c2f73744576743a736f6674776172654167656e743e0a2020202020202020202020202020202020203c73744576743a6368616e6765643e2f3c2f73744576743a6368616e6765643e0a2020202020202020202020202020203c2f7264663a6c693e0a2020202020202020202020202020203c7264663a6c69207264663a7061727365547970653d225265736f75726365223e0a2020202020202020202020202020202020203c73744576743a616374696f6e3e73617665643c2f73744576743a616374696f6e3e0a2020202020202020202020202020202020203c73744576743a696e7374616e636549443e786d702e6969643a66343733623831642d396632392d346533332d396562612d3630376231353462303166663c2f73744576743a696e7374616e636549443e0a2020202020202020202020202020202020203c73744576743a7768656e3e323031372d31312d31385430383a33303a33382b30353a33303c2f73744576743a7768656e3e0a2020202020202020202020202020202020203c73744576743a736f6674776172654167656e743e41646f62652050686f746f73686f70204343203230313720284d6163696e746f7368293c2f73744576743a736f6674776172654167656e743e0a2020202020202020202020202020202020203c73744576743a6368616e6765643e2f3c2f73744576743a6368616e6765643e0a2020202020202020202020202020203c2f7264663a6c693e0a2020202020202020202020202020203c7264663a6c69207264663a7061727365547970653d225265736f75726365223e0a2020202020202020202020202020202020203c73744576743a616374696f6e3e636f6e7665727465643c2f73744576743a616374696f6e3e0a2020202020202020202020202020202020203c73744576743a706172616d65746572733e66726f6d206170706c69636174696f6e2f766e642e61646f62652e70686f746f73686f7020746f20696d6167652f706e673c2f73744576743a706172616d65746572733e0a2020202020202020202020202020203c2f7264663a6c693e0a2020202020202020202020202020203c7264663a6c69207264663a7061727365547970653d225265736f75726365223e0a2020202020202020202020202020202020203c73744576743a616374696f6e3e646572697665643c2f73744576743a616374696f6e3e0a2020202020202020202020202020202020203c73744576743a706172616d65746572733e636f6e7665727465642066726f6d206170706c69636174696f6e2f766e642e61646f62652e70686f746f73686f7020746f20696d6167652f706e673c2f73744576743a706172616d65746572733e0a2020202020202020202020202020203c2f7264663a6c693e0a2020202020202020202020202020203c7264663a6c69207264663a7061727365547970653d225265736f75726365223e0a2020202020202020202020202020202020203c73744576743a616374696f6e3e73617665643c2f73744576743a616374696f6e3e0a2020202020202020202020202020202020203c73744576743a696e7374616e636549443e786d702e6969643a64613432313331642d663763332d343632342d396434312d3836613763373735333362663c2f73744576743a696e7374616e636549443e0a2020202020202020202020202020202020203c73744576743a7768656e3e323031372d31312d31385430383a33303a33382b30353a33303c2f73744576743a7768656e3e0a2020202020202020202020202020202020203c73744576743a736f6674776172654167656e743e41646f62652050686f746f73686f70204343203230313720284d6163696e746f7368293c2f73744576743a736f6674776172654167656e743e0a2020202020202020202020202020202020203c73744576743a6368616e6765643e2f3c2f73744576743a6368616e6765643e0a2020202020202020202020202020203c2f7264663a6c693e0a2020202020202020202020203c2f7264663a5365713e0a2020202020202020203c2f786d704d4d3a486973746f72793e0a2020202020202020203c786d704d4d3a4465726976656446726f6d207264663a7061727365547970653d225265736f75726365223e0a2020202020202020202020203c73745265663a696e7374616e636549443e786d702e6969643a66343733623831642d396632392d346533332d396562612d3630376231353462303166663c2f73745265663a696e7374616e636549443e0a2020202020202020202020203c73745265663a646f63756d656e7449443e786d702e6469643a32643132626266362d346439342d346464382d616264392d6534306261316438636439343c2f73745265663a646f63756d656e7449443e0a2020202020202020202020203c73745265663a6f726967696e616c446f63756d656e7449443e786d702e6469643a32643132626266362d346439342d346464382d616264392d6534306261316438636439343c2f73745265663a6f726967696e616c446f63756d656e7449443e0a2020202020202020203c2f786d704d4d3a4465726976656446726f6d3e0a2020202020202020203c746966663a4f7269656e746174696f6e3e313c2f746966663a4f7269656e746174696f6e3e0a2020202020202020203c746966663a585265736f6c7574696f6e3e3732303030302f31303030303c2f746966663a585265736f6c7574696f6e3e0a2020202020202020203c746966663a595265736f6c7574696f6e3e3732303030302f31303030303c2f746966663a595265736f6c7574696f6e3e0a2020202020202020203c746966663a5265736f6c7574696f6e556e69743e323c2f746966663a5265736f6c7574696f6e556e69743e0a2020202020202020203c657869663a436f6c6f7253706163653e313c2f657869663a436f6c6f7253706163653e0a2020202020202020203c657869663a506978656c5844696d656e73696f6e3e3538303c2f657869663a506978656c5844696d656e73696f6e3e0a2020202020202020203c657869663a506978656c5944696d656e73696f6e3e3134363c2f657869663a506978656c5944696d656e73696f6e3e0a2020202020203c2f7264663a4465736372697074696f6e3e0a2020203c2f7264663a5244463e0a3c2f783a786d706d6574613e0a202020202020202020202020202020202020202020202020202020202020202020202020202020202020202020202020202020202020202020202020202020202020202020202020202020202020202020202020202020202020202020202020202020200a202020202020202020202020202020202020202020202020202020202020202020202020202020202020202020202020202020202020202020202020202020202020202020202020202020202020202020202020202020202020202020202020202020200a202020202020202020202020202020202020202020202020202020202020202020202020202020202020202020202020202020202020202020202020202020202020202020202020202020202020202020202020202020202020202020202020202020200a202020202020202020202020202020202020202020202020202020202020202020202020202020202020202020202020202020202020202020202020202020202020202020202020202020202020202020202020202020202020202020202020202020200a202020202020202020202020202020202020202020202020202020202020202020202020202020202020202020202020202020202020202020202020202020202020202020202020202020202020202020202020202020202020202020202020202020200a202020202020202020202020202020202020202020202020202020202020202020202020202020202020202020202020202020202020202020202020202020202020202020202020202020202020202020202020202020202020202020202020202020200a202020202020202020202020202020202020202020202020202020202020202020202020202020202020202020202020202020202020202020202020202020202020202020202020202020202020202020202020202020202020202020202020202020200a202020202020202020202020202020202020202020202020202020202020202020202020202020202020202020202020202020202020202020202020202020202020202020202020202020202020202020202020202020202020202020202020202020200a202020202020202020202020202020202020202020202020202020202020202020202020202020202020202020202020202020202020202020202020202020202020202020202020202020202020202020202020202020202020202020202020202020200a202020202020202020202020202020202020202020202020202020202020202020202020202020202020202020202020202020202020202020202020202020202020202020202020202020202020202020202020202020202020202020202020202020200a202020202020202020202020202020202020202020202020202020202020202020202020202020202020202020202020202020202020202020202020202020202020202020202020202020202020202020202020202020202020202020202020202020200a202020202020202020202020202020202020202020202020202020202020202020202020202020202020202020202020202020202020202020202020202020202020202020202020202020202020202020202020202020202020202020202020202020200a202020202020202020202020202020202020202020202020202020202020202020202020202020202020202020202020202020202020202020202020202020202020202020202020202020202020202020202020202020202020202020202020202020200a202020202020202020202020202020202020202020202020202020202020202020202020202020202020202020202020202020202020202020202020202020202020202020202020202020202020202020202020202020202020202020202020202020200a202020202020202020202020202020202020202020202020202020202020202020202020202020202020202020202020202020202020202020202020202020202020202020202020202020202020202020202020202020202020202020202020202020200a202020202020202020202020202020202020202020202020202020202020202020202020202020202020202020202020202020202020202020202020202020202020202020202020202020202020202020202020202020202020202020202020202020200a202020202020202020202020202020202020202020202020202020202020202020202020202020202020202020202020202020202020202020202020202020202020202020202020202020202020202020202020202020202020202020202020202020200a202020202020202020202020202020202020202020202020202020202020202020202020202020202020202020202020202020202020202020202020202020202020202020202020202020202020202020202020202020202020202020202020202020200a202020202020202020202020202020202020202020202020202020202020202020202020202020202020202020202020202020202020202020202020202020202020202020202020202020202020202020202020202020202020202020202020202020200a202020202020202020202020202020202020202020202020202020202020202020202020202020202020202020202020202020202020202020202020202020202020202020202020202020202020202020202020202020202020202020202020202020200a202020202020202020202020202020202020202020202020202020202020202020202020202020202020202020202020202020202020202020202020202020202020202020202020202020202020202020202020202020202020202020202020202020200a202020202020202020202020202020202020202020202020202020202020202020202020202020202020202020202020202020202020202020202020202020202020202020202020202020202020202020202020202020202020202020202020202020200a202020202020202020202020202020202020202020202020202020202020202020202020202020202020202020202020202020202020202020202020202020202020202020202020202020202020202020202020202020202020202020202020202020200a202020202020202020202020202020202020202020202020202020202020202020202020202020202020202020202020202020202020202020202020202020202020202020202020202020202020202020202020202020202020202020202020202020200a202020202020202020202020202020202020202020202020202020202020202020202020202020202020202020202020202020202020202020202020202020202020202020202020202020202020202020202020202020202020202020202020202020200a202020202020202020202020202020202020202020202020202020202020202020202020202020202020202020202020202020202020202020202020202020202020202020202020202020202020202020202020202020202020202020202020202020200a202020202020202020202020202020202020202020202020202020202020202020202020202020202020202020202020202020202020202020202020202020202020202020202020202020202020202020202020202020202020202020202020202020200a202020202020202020202020202020202020202020202020202020202020202020202020202020202020202020202020202020202020202020202020202020202020202020202020202020202020202020202020202020202020202020202020202020200a202020202020202020202020202020202020202020202020202020202020202020202020202020202020202020202020202020202020202020202020202020202020202020202020202020202020202020202020202020202020202020202020202020200a202020202020202020202020202020202020202020202020202020202020202020202020202020202020202020202020202020202020202020202020202020202020202020202020202020202020202020202020202020202020202020202020202020200a202020202020202020202020202020202020202020202020202020202020202020202020202020202020202020202020202020202020202020202020202020202020202020202020202020202020202020202020202020202020202020202020202020200a202020202020202020202020202020202020202020202020202020202020202020202020202020202020202020202020202020202020202020202020202020202020202020202020202020202020202020202020202020202020202020202020202020200a202020202020202020202020202020202020202020202020202020202020202020202020202020202020202020202020202020202020202020202020202020202020202020202020202020202020202020202020202020202020202020202020202020200a202020202020202020202020202020202020202020202020202020202020202020202020202020202020202020202020202020202020202020202020202020202020202020202020202020202020202020202020202020202020202020202020202020200a202020202020202020202020202020202020202020202020202020202020202020202020202020202020202020202020202020202020202020202020202020202020202020202020202020202020202020202020202020202020202020202020202020200a202020202020202020202020202020202020202020202020202020202020202020202020202020202020202020202020202020202020202020202020202020202020202020202020202020202020202020202020202020202020202020202020202020200a202020202020202020202020202020202020202020202020202020202020202020202020202020202020202020202020202020202020202020202020202020202020202020202020202020202020202020202020202020202020202020202020202020200a202020202020202020202020202020202020202020202020202020202020202020202020202020202020202020202020202020202020202020202020202020202020202020202020202020202020202020202020202020202020202020202020202020200a202020202020202020202020202020202020202020202020202020202020202020202020202020202020202020202020202020202020202020202020202020202020202020202020202020202020202020202020202020202020202020202020202020200a202020202020202020202020202020202020202020202020202020202020202020202020202020202020202020202020202020202020202020202020202020202020202020202020202020202020202020202020202020202020202020202020202020200a202020202020202020202020202020202020202020202020202020202020202020202020202020202020202020202020202020202020202020202020202020202020202020202020202020202020202020202020202020202020202020202020202020200a202020202020202020202020202020202020202020202020202020202020202020202020202020202020202020202020202020202020202020202020202020202020202020202020202020202020202020202020202020202020202020202020202020200a202020202020202020202020202020202020202020202020202020202020202020202020202020202020202020202020202020202020202020202020202020202020202020202020202020202020202020202020202020202020202020202020202020200a202020202020202020202020202020202020202020202020202020202020202020202020202020202020202020202020202020202020202020202020202020202020202020202020202020202020202020202020202020202020202020202020202020200a202020202020202020202020202020202020202020202020202020202020202020202020202020202020202020202020202020202020202020202020202020202020202020202020202020202020202020202020202020202020202020202020202020200a202020202020202020202020202020202020202020202020202020202020202020202020202020202020202020202020202020202020202020202020202020202020202020202020202020202020202020202020202020202020202020202020202020200a202020202020202020202020202020202020202020202020202020202020202020202020202020202020202020202020202020202020202020202020202020202020202020202020202020202020202020202020202020202020202020202020202020200a202020202020202020202020202020202020202020202020202020202020202020202020202020202020202020202020202020202020202020202020202020202020202020202020202020202020202020202020202020202020202020202020202020200a202020202020202020202020202020202020202020202020202020202020202020202020202020202020202020202020202020202020202020202020202020202020202020202020202020202020202020202020202020202020202020202020202020200a202020202020202020202020202020202020202020202020202020202020202020202020202020202020202020202020202020202020202020202020202020202020202020202020202020202020202020202020202020202020202020202020202020200a202020202020202020202020202020202020202020202020202020202020202020202020202020202020202020202020202020202020202020202020202020202020202020202020202020202020202020202020202020202020202020202020202020200a202020202020202020202020202020202020202020202020202020202020202020202020202020202020202020202020202020202020202020202020202020202020202020202020202020202020202020202020202020202020202020202020202020200a202020202020202020202020202020202020202020202020202020202020202020202020202020202020202020202020202020202020202020202020202020202020202020202020202020202020202020202020202020202020202020202020202020200a202020202020202020202020202020202020202020202020202020202020202020202020202020202020202020202020202020202020202020202020202020202020202020202020202020202020202020202020202020202020202020202020202020200a202020202020202020202020202020202020202020202020202020202020202020202020202020202020202020202020202020202020202020202020202020202020202020202020202020202020202020202020202020202020202020202020202020200a202020202020202020202020202020202020202020202020202020202020202020202020202020202020202020202020202020202020202020202020202020202020202020202020202020202020202020202020202020202020202020202020202020200a202020202020202020202020202020202020202020202020202020202020202020202020202020202020202020202020202020202020202020202020202020202020202020202020202020202020202020202020202020202020202020202020202020200a202020202020202020202020202020202020202020202020202020202020202020202020202020202020202020202020202020202020202020202020202020202020202020202020202020202020202020202020202020202020202020202020202020200a202020202020202020202020202020202020202020202020202020202020202020202020202020202020202020202020202020202020202020202020202020202020202020202020202020202020202020202020202020202020202020202020202020200a202020202020202020202020202020202020202020202020202020202020202020202020202020202020202020202020202020202020202020202020202020202020202020202020202020202020202020202020202020202020202020202020202020200a202020202020202020202020202020202020202020202020202020202020202020202020202020202020202020202020202020202020202020202020202020202020202020202020202020202020202020202020202020202020202020202020202020200a202020202020202020202020202020202020202020202020202020202020202020202020202020202020202020202020202020202020202020202020202020202020202020202020202020202020202020202020202020202020202020202020202020200a202020202020202020202020202020202020202020202020202020202020202020202020202020202020202020202020202020202020202020202020202020202020202020202020202020202020202020202020202020202020202020202020202020200a202020202020202020202020202020202020202020202020202020202020202020202020202020202020202020202020202020202020202020202020202020202020202020202020202020202020202020202020202020202020202020202020202020200a202020202020202020202020202020202020202020202020202020202020202020202020202020202020202020202020202020202020202020202020202020202020202020202020202020202020202020202020202020202020202020202020202020200a202020202020202020202020202020202020202020202020202020202020202020202020202020202020202020202020202020202020202020202020202020202020202020202020202020202020202020202020202020202020202020202020202020200a202020202020202020202020202020202020202020202020202020202020202020202020202020202020202020202020202020202020202020202020202020202020202020202020202020202020202020202020202020202020202020202020202020200a202020202020202020202020202020202020202020202020202020202020202020202020202020202020202020202020202020202020202020202020202020202020202020202020202020202020202020202020202020202020202020202020202020200a202020202020202020202020202020202020202020202020202020202020202020202020202020202020202020202020202020202020202020202020202020202020202020202020202020202020202020202020202020202020202020202020202020200a202020202020202020202020202020202020202020202020202020202020202020202020202020202020202020202020202020202020202020202020202020202020202020202020202020202020202020202020202020202020202020202020202020200a202020202020202020202020202020202020202020202020202020202020202020202020202020202020202020202020202020202020202020202020202020202020202020202020202020202020202020202020202020202020202020202020202020200a202020202020202020202020202020202020202020202020202020202020202020202020202020202020202020202020202020202020202020202020202020202020202020202020202020202020202020202020202020202020202020202020202020200a202020202020202020202020202020202020202020202020202020202020202020202020202020202020202020202020202020202020202020202020202020202020202020202020202020202020202020202020202020202020202020202020202020200a202020202020202020202020202020202020202020202020202020202020202020202020202020202020202020202020202020202020202020202020202020202020202020202020202020202020202020202020202020202020202020202020202020200a202020202020202020202020202020202020202020202020202020202020202020202020202020202020202020202020202020202020202020202020202020202020202020202020202020202020202020202020202020202020202020202020202020200a202020202020202020202020202020202020202020202020202020202020202020202020202020202020202020202020202020202020202020202020202020202020202020202020202020202020202020202020202020202020202020202020202020200a202020202020202020202020202020202020202020202020202020202020202020202020202020202020202020202020202020202020202020202020202020202020202020202020202020202020202020202020202020202020202020202020202020200a202020202020202020202020202020202020202020202020202020202020202020202020202020202020202020202020202020202020202020202020202020202020202020202020202020202020202020202020202020202020202020202020202020200a202020202020202020202020202020202020202020202020202020202020202020202020202020202020202020202020202020202020202020202020202020202020202020202020202020202020202020202020202020202020202020202020202020200a202020202020202020202020202020202020202020202020202020202020202020202020202020202020202020202020202020202020202020202020202020202020202020202020202020202020202020202020202020202020202020202020202020200a202020202020202020202020202020202020202020202020202020202020202020202020202020202020202020202020202020202020202020202020202020202020202020202020202020202020202020202020202020202020202020202020202020200a202020202020202020202020202020202020202020202020202020202020202020202020202020202020202020202020202020202020202020202020202020202020202020202020202020202020202020202020202020202020202020202020202020200a202020202020202020202020202020202020202020202020202020202020202020202020202020202020202020202020202020202020202020202020202020202020202020202020202020202020202020202020202020202020202020202020202020200a202020202020202020202020202020202020202020202020202020202020202020202020202020202020202020202020202020202020202020202020202020202020202020202020202020202020202020202020202020202020202020202020202020200a202020202020202020202020202020202020202020202020202020202020202020202020202020202020202020202020202020202020202020202020202020202020202020202020202020202020202020202020202020202020202020202020202020200a202020202020202020202020202020202020202020202020202020202020202020202020202020202020202020202020202020202020202020202020202020202020202020202020202020202020202020202020202020202020202020202020202020200a202020202020202020202020202020202020202020202020202020202020202020202020202020202020202020202020202020202020202020202020202020202020202020202020202020202020202020202020202020202020202020202020202020200a202020202020202020202020202020202020202020202020202020202020202020202020202020202020202020202020202020202020202020202020202020202020202020202020202020202020202020202020202020202020202020202020202020200a202020202020202020202020202020202020202020202020202020202020202020202020202020202020202020202020202020202020202020202020202020202020202020202020202020202020202020202020202020202020202020202020202020200a202020202020202020202020202020202020202020202020202020202020202020202020202020202020202020202020202020202020202020202020202020202020202020202020202020202020202020202020202020202020202020202020202020200a202020202020202020202020202020202020202020202020202020202020202020202020202020202020202020202020202020202020202020202020202020202020202020202020202020202020202020202020202020202020202020202020202020200a202020202020202020202020202020202020202020202020202020202020202020202020202020202020202020202020202020202020202020202020202020202020202020202020202020202020202020202020202020202020202020202020202020200a202020202020202020202020202020202020202020202020202020202020202020202020202020202020202020202020202020202020202020202020202020202020202020202020202020202020202020202020202020202020202020202020202020200a202020202020202020202020202020202020202020202020202020202020202020202020202020202020202020202020202020202020202020202020202020202020202020202020202020202020202020202020202020202020202020202020202020200a202020202020202020202020202020202020202020202020202020202020202020202020202020202020202020202020202020202020202020202020202020202020202020202020202020202020202020202020202020202020202020202020202020200a202020202020202020202020202020202020202020202020202020202020202020202020202020202020202020202020202020202020202020202020202020202020202020202020202020202020202020202020202020202020202020202020202020200a202020202020202020202020202020202020202020202020202020202020202020202020202020202020202020202020202020202020202020202020202020202020202020202020202020202020202020202020202020202020202020202020202020200a202020202020202020202020202020202020202020202020202020202020202020202020202020202020202020202020202020202020202020202020202020202020202020202020202020202020202020202020202020202020202020202020202020200a202020202020202020202020202020202020202020202020202020202020202020202020202020202020202020202020202020202020202020202020202020202020202020202020202020202020202020202020202020202020202020202020202020200a202020202020202020202020202020202020202020202020202020202020202020202020202020202020202020202020202020202020202020202020202020202020202020202020202020202020202020202020202020202020202020202020202020200a202020202020202020202020202020202020202020202020202020202020202020202020202020202020202020202020202020202020202020202020202020202020202020202020202020202020202020202020202020202020202020202020202020200a202020202020202020202020202020202020202020202020202020202020202020202020202020202020202020202020202020202020202020202020202020202020202020202020202020202020202020202020202020202020202020202020202020200a202020202020202020202020202020202020202020202020202020202020202020202020202020202020202020202020202020202020202020202020202020202020202020202020202020202020202020202020202020202020202020202020202020200a202020202020202020202020202020202020202020202020202020202020202020202020202020202020202020202020202020202020202020202020202020202020202020202020202020202020202020202020202020202020202020202020202020200a202020202020202020202020202020202020202020202020202020202020202020202020202020202020202020202020202020202020202020202020202020202020202020202020202020202020202020202020202020202020202020202020202020200a202020202020202020202020202020202020202020202020202020202020202020202020202020202020202020202020202020202020202020202020202020202020202020202020202020202020202020202020202020202020202020202020202020200a202020202020202020202020202020202020202020202020202020202020202020202020202020202020202020202020202020202020202020202020202020202020202020202020202020202020202020202020202020202020202020202020202020200a202020202020202020202020202020202020202020202020202020202020202020202020202020202020202020202020202020202020202020202020202020202020202020202020202020202020202020202020202020202020202020202020202020200a202020202020202020202020202020202020202020202020202020202020202020202020202020202020202020202020202020202020202020202020202020202020202020202020202020202020202020202020202020202020202020202020202020200a202020202020202020202020202020202020202020202020202020202020202020202020202020202020202020202020202020202020202020202020202020202020202020202020202020202020202020202020202020202020202020202020202020200a202020202020202020202020202020202020202020202020202020202020202020202020202020202020202020202020202020202020202020202020202020202020202020202020202020202020202020202020202020202020202020202020202020200a202020202020202020202020202020202020202020202020202020202020202020202020202020202020202020202020202020202020202020202020202020202020202020202020202020202020202020202020202020202020202020202020202020200a202020202020202020202020202020202020202020202020202020202020202020202020202020202020202020202020202020202020202020202020202020202020202020202020202020202020202020202020202020202020202020202020202020200a202020202020202020202020202020202020202020202020202020202020202020202020202020202020202020202020202020202020202020202020202020202020202020202020202020202020202020202020202020202020202020202020202020200a202020202020202020202020202020202020202020202020202020202020202020202020202020202020202020202020202020202020202020202020202020202020202020202020202020202020202020202020202020202020202020202020202020200a202020202020202020202020202020202020202020202020202020202020202020202020202020202020202020202020202020202020202020202020202020202020202020202020202020202020202020202020202020202020202020202020202020200a202020202020202020202020202020202020202020202020202020202020202020202020202020202020202020202020202020202020202020202020202020202020202020202020202020202020202020202020202020202020202020202020202020200a202020202020202020202020202020202020202020202020202020202020202020202020202020202020202020202020202020202020202020202020202020202020202020202020202020202020202020202020202020202020202020202020202020200a202020202020202020202020202020202020202020202020202020202020202020202020202020202020202020202020202020202020202020202020202020202020202020202020202020202020202020202020202020202020202020202020202020200a202020202020202020202020202020202020202020202020202020200a3c3f787061636b657420656e643d2277223f3e5a406f63000000206348524d00007a25000080830000f9ff000080e9000075300000ea6000003a980000176f925fc54600002f2b4944415478daec9d799c1c55b9f7bf3313269909816c90900403240184b023610910306042005141c505907bf52abe288b22bea220aee82bdc2bbc2822280802b22f41f62dac8920595843242c0909d92699ec3399be7f3ca7cd64d25d5dcb73aaaa7b9eefe7331fc24cf5a9a5ab4efdceb3d6150a050cc3300cc330ba33f576090cc3300cc330416418866118866182c8300cc3300cc304916118866118860922c3300cc3300c134486611886611826880cc3300cc3304c101986611886619820320cc3300cc33041641886611886d14de91165e33a265b9f0fc3300ca31a3805b81d586d97a236293049753cb31019866118b5c8d780cf00bdec521861e86197c0300cc3a841c602edc0f3c06cbb1c4625cc4264188661d42a2381d1b6f8374c1019866118dd99266057a09f5d0ac30491611886d15de9895889b6b64b619820320cc330ba2b4dc04e401fbb14860922c3300ca3bbd2006c0ff4b54b61544233d0acce2ea76118869132df4652ec772bf3f701c060bb4c4625cc426418866154336f012d017f6f028621f144866182c8300cc3a849de019606fcbdc109a26ded521926880cc3308c5ae5036061c0dfeb9038a22176a90c134486611846add202cc03d604bce73e026c6797ca304164188661d42a1dc07cca5b898a16220bac364c1019866118354b0178dffd9463006221b2779e6182c8300cc3a859de43dc6685327f6f0086025bdaa5324c1019866118b5ca7c24b8ba10b0cdb6581c916182c8300cc3a861962216a2f6806d0620c1d50d76b98c52f4e866e73b10d807d8131801ec080c02b6414abb9732a7ae0696018b11b3ec5c601630037811586fb7512ceadc351ced793f7bb8efcb306a8967808353d84f7f37ffc5e1cbc0f50ac7301bd88560eb4f8713442bdd3197621b6038b0c16e1fa33b0aa206603c3009f804b0738c319addcf5060af2e7f5b033c09dce67e96db2d159af12988a17f9a18326a90ad803129edab90e0b347291dc355218f6311b02040106d0b1ce116b62b910ad646752ea63b8015c03413449519089c059c8e5f9f711330c1fdfc0f7035f073f7601ac19c93c23eaeb7cb6cd42047501d6e9ff10a63ac03fe1472db16e06d6024d05846481e0f1ce25ea81632529df400d63a3174b209a2f2f404ce07be0bf44e79dfbd9d08fb0ad26cf0ba98e3ece01e6adf5c96922829c5ae4e44faa41df8abe2783310f75b1aac720f7c2b525be53de035c4daf50ce21af0c9508253980d3fac40dc3a95dcf047a5784c71dd4b7b282d466f21b82d476796027380c3ca08a23a242cc232cdaa9f553e046d2d09a2d1c0edc4738b69b235f067e000e0ff10dde47c684a93dc6f33bc4667a7b08fa7800f95c66aa27c276d5fe2ba371204ba039bbb476603f70037002f7bd8ff276dbecd840708179378748ac7d41af373e395f67f55846d97bac5a4c575d63e0b8157b507ad1593e178e0f91c88a1ce9c01fc26c6e7d210447721c1e1593000382585fddca938d65ee4cb45310a381789917ace83803141940d7787d866b8fbfef38e86156b3af06c84ed57b8796d9ddd4a35cf52e07513449b73b85b2df7cee1b19d0d7c2ae2670e4be1b82ecbf09a7c1de89593974b58f6cbf1fd7fa013b88f23999349d91a895131d2a51db83f25a1e19b46609cc238bf8fb87d31d36c85dd4e354f0bf08e09a24dd90eb8957c670b5c066c1172db6d90f4529f4c45e250b29a28bf99c27e5e44e26eba83202a32ceada84f4c38cec408f7aba1c7936e92afc4d155702e8728ccc92b811b635a0e16daed54f32cc6432c65b50ba2df3a11916786039f0eb9edd8148ee7d20cafc5e749a752ecc3cae3ed5f25cf436fb740f8468231cc5d960df7849caf3f9ef271f58cf1190d2bd6cdc48b5f5aed2c076bec96aa593a90aae48bb507aee6a0ea831456c3697112922d91b5207a17093ccf823a24fb2f0d1e551c2bed806a0dae448ae9dd1cf1738dc03136df66421817ef3e94afb1e38b26a2c7e46808a26b637e6e1d9269b68cf256aa0ec48ab4a2d3dc64644fc17d3703dc4fb9b8cd16a455cb5a13441b39b38a8e35acd0f11d507d39c1a5edbb721ae16b80e48575c0d38ae3e52da03a2cd720aec3d9113e330ea9d562a4cb74c2c5437ca20ace6500c95dcc6f20c9027158eb04510b30a4cc36eb81fb103765bd1344268ab2a71d68034e40626fcbcdbbc5be75ea54ab206a063ea33ce62ae00f4860e36beeff072155aecf73ff8ecb20a01fc125f0b704f6f578cdd6465c758d217a50631e785e79e5b05f153f23d74614d927d89c9c09611300c667706c7d0817db54e4480571f1e784f3dcdb040756178057d898896a82281f743851349ad275a48adfdd3cf753d03e806a154487065cb0384c732f83f95d7edfe2562bd722aea62313eca36f054174a0674bc4cd842f703618b88378f1037910449a1c4cf53216a9cc1b263ea5ce6d6ba44f98efa71909564e9ba87352522b5607f097849f7fafc25cd780b4f1e815614e34d2a109e9341114df3c1f4fc569ab35a8fa40c5b1162156a0f901dbb438c194a47a6f2571e13b58f2ca089685bb296f6ece3b534d106dc2b921b7db1fa9506da4cb3ce0a510db8d535e0412613e8842d22cb887155e769532cd1a9c156217bbfd72c70860a70a827781fb3141e418a938d66584eb3dd69a70e5b2a4c2df7dd67e7991704df0ead858655b8bb43b4bbfa038d67648a5e86ae630c2d527b2ecb26cb88770a6fff1191d5f94fa6ebb03db27dcdfb50ac7dce616afab03de7b1f21591884a1cf16ee7be95be1bbfd80f815d46b52100d531c2b4abfabb8ad2056119c22b8157e53bbff7fc8ed7e8e64c46931077824c5fb6221baa6d4b1d40661bed3136c3ece84b0f1435915648c228892bacb5ad029a85a2cd0b82060e137cc0451eee801ec88b8cccab11c4f01d5d52c889a95c65944b46a97714dac532aac020fc35ffcd032c2a5fcff17d218578bb790b20887a6785f68f7b639a89b08a2116e756fa44b2bf04488edb6435c3c59d037454174133a6d378a7144418ba3fe888bd83adee7872d108bfc80327f2f3831e42deeabbe8a2f9c06f3238ab0cfc5dc4fa5a0499feeb2eb286f3aee6c1db852719fb390d89b4f298ad730bca23cde21d406fb064c3260eeb2ac7820a400c8b25d47580b5113d24629a920d2a003a9b936bfc2bb6f3b24bbd7c8078d88cbac5ce98ff548afba165f0750ad59665abd6a9647d8f63c24753e2a4ba81c7be433a0ba52eafc2188db504b1c4f058e452ac57e2be5fb42b3d95f1352084f93cb9df05c82f8c28b2f9ca148bda3e3dd2adb47eb8c43919e67e5ee9124b11b6702172b1ce335c077624ca273d169df73383023c5fb356c79882c0551df90db8d235956ea7be8d60f9be7045181f229f5db22c923ad7848e13622d3c789d4fa0041f42f3c5a88aa55106945980f08b9dd7ec00f62eee302a42f4f39fa037b7aba4ecf206503cab1073019bd5e7053912c93e54855eabe29df17af298ef5310fc2e4aa12a2adc54dde5381ab819d813fa2ef6a0c1244aba96c45ac242434b826c6eaef48a5fb773af0540ee7ba3ab20ba826c22230a9bbec166551d2e204d18680f7dc40c44533a7d302c5c88e6d098e1f2a5a88cc65d685d94ae38c0af1d21b8204fac5118ff7b89760a509dd5751b0a055ff4824c5756b0f62a827704e06f785664357ed74fb3708e7d27bd359045e54deff473d5df3667482cf6713af3af104a5f3f8634ee7ba3d90ba6059d13fa5efe166e5e32ec69b047913b64152bcabb96343add088642806b968d721aed0565f0751ad82e805c52fe1b00adb0c70aa342a4f03278758f58cf3748d56218d3e4b310cc9fed2cab278ae931802f84a4693b8a6203a52f9d86e8db0ed3af4dd8dbe6aae1c894e01cfeb627e4e4310ad016ec8e95c7754c6fb0f6345df21e1fdf5a68705004856705045e36d91e6db2688b2672b274e7b056cd3ca4637a809a22e6263bdd258a757f8fb4cb7023e01c9160bb332b9ca0984306e88a33d5da3bf9551d2db20cd4f872bede771c4a45f14433d881e07a2c122f45a7634a29f727f57c4ed9f255ad07f25867bbaee1a82a41053900c432c2849b90d8f819a09393ae3fd87b110257597ddece9d897b9c56c5bc04bf8236453f0d2d8fcbb1841b0fb7b21c1dd1ebaad206a011e521aeb73c0ae21b6bb1bb126ed095ce4c4d1879d26f4394e08ed037cddad3ac3acac4679ba46d79699dc1e43e254b4c4d0b15d84df49842b04a88d66fda131e8c555810402c65901bfa9780c0df8c9a8d110444f10adfc85b658c8abbbac19bdf8acb86c938220bac9d3b12f71f372b9c5731d92d0d0c7f448e6f4416a10959b77d722c536d7f83c886a36155ee55ec61a2f8adf23a6ff8e10dbcf743f3feef450c535e1f95afdcd4602aa3bb335f077f4ea9994124375c0f733ba1f96288ea59df57767cccfad533e8e2d090ef08fca4825f17b63cccf1da3b0efb984b3fc6681963b320995dcea8d240bfa7e19ddecd0ae73c2db04074cf743e244e79a26c994a2b5ae9c2659ee16966b7d1e443517a59a8cd4bbd1e070e0c2989f4de2cf9ce0e9da5cdbe5b89a817bd16bc9f14409310452cf668f8cee074d53ea38e563bb2de6e7fa2b1f87b66b404390ac471a0947650b74e26bfe427e53ae27e4e0182ac5028e259985e5568fc7de8a04e1068557f4462cf54d1859b20dc119662d26882a0b11cd4ca61f01a7a578fc0de807ee16afcb8d5d5e82f7a297c63d1589a72a151ff5fd0cef072d41d48c6e86d9fbc44f02d856f91aad501e4fc3c2f950ccefee10ca17708b2a88f2ca314adff9c2049fef5541f024b5d2dfe1f1fa85c9346b468279b7c2c88a06c44ad75ce13e7e1b7dab79cd082290b471cd09ed1ae03f533af603d14b79efcc1436665b353aeb8496f0ea9c5a5f6a357b4086f78296203a18ddfa4377c5b440f4433710ba03c93cd4a297d27df5b7989fd370973f875e090f6d7641622a92f22012479384ed02fe3631c1b86fe0cf5d566429c1f185bd11d7af55acce8e81482c5750fbaae5eebdd6eef3406a21ddf04ca4e7d44825817835e237ff99e7e3fe84a771ffda49755f071c9782180209344fc2d324cbecd20ab6d38e1f8afbc2d72ec6f73ebac5e70e23b99b612df1e3ab262909a2715d7ed784c4edf471cf505ff7b2dcda5911b6766275809b2706005f257e1c94eff961b21b2b89d57308a503fc77225c424a397c5a873acf0b73118b76731941b4a309a24c198c648c0619683e24b841ba09a24ecaf13837b9f5551af3a74880d71948a5531ff808a86e477cf27588b5ebf34ae3cea820868e4032b3927039f9e82eaf59f76511923e1f872f299fd71ce5f134e25bee275e9077d21771917348ee76dfe0ce439b890a63149c204a5a836aa827519a96209ae3e6ae5282a8cebd8cfb626429888653de42d486942059ebfb406aa5d3efebee65fabee2985f4352ed7d3427ed8fb486d0e601c475742570aad298b3d8b4ce50292e4cb88f278197128ea1e10e1a843442d5e28e98827a347a96bd222f288fa7f1c28e1b503b89fc3005fdda284de804f6bfe056d573138eb37d99df2789717a0f3fc518bbb21a78abc2fcd58f60b7a0e19741ee1eab0b5858cef3689ca8394104d216e140749b334e722f6bede0d6a33c5dfb1b815f20759034781389135914b0cd3892d74af925c9e3a934dc4113d16da3727bcc67f20af4dbb96836ce1c4e720bcd7a67bda8764174b78731c7115cb1372cf7b9ffbeeb41103527146d77914e76df5a241837a8dd434f2ab78d30fcb12dc1e51d3e20b8e2b809a232cc43621b1e531c737fe079f48a19265d599563155214f27b4ae3cd41e2691655d8ee7c8555ec0324cff2d048299fa8f87d2c43ca1344e522f48bf1ad567e2634dc658f10af2751d21771350822adf9a12838e7261c675889df1d9950b4dd99d2f75370ef852515de83db7b58f81ae1e6ed2104c72316055187ef83a9afc10bbcdcbdd834ab9fee88c4821cac74cd7dac701b80f31485e5782abb200f2479f0e74fdd7f935a889a15ae9f665cd75d44b75a9d05fcd0c3bdf100ba155e272a5d9f388c27fb6285456639eb83361aeed2f791a2871a82e823257e97640e5b023c95f23be1830acffe70f47a3b1ae1e917e2ba2f70f7b3598862b21ef822f02bc53107b855eda7138e3386700d13a3d24b699cc54890749849f4a284fb7ab9d32ab66fc6e77f10ba81957746bcb7ae032ef3f43c5cad38564f9267e215807b627e364feeb27b3c8cb93b3ae5163abb23d792ac1651a9f4ff2456acbf93423c4827d6b9176a398b640f77cd0763a449d13237b0c25cb1808d6db24c10259874bf87740dd732b5352181a067261863528eafd972c4141ea6368b8675e8679d547f5297595241a45d15f872e077c0c9484988ae199dc506b29721eec9533c7da76f22b568b43882e429cacf257841d77afcd0b14ae3dcd7e5ff93c4116ddd65b1b017a5ad4661b93fe5efa9c309a272f75c31d36ca0699454295ae6065610b3a9649841fed3ee1b1157c84ae21764badc5dd0bfa0539ebd1ef82d52a7e4e7194e78dab43a813333e4f61725dcdf5c36b5a2342888d52468c7750d4782db8b01eeed6e426e77cfdd76292d483a8b4e0d34dc3971e347f6a27c0a78da2c00a679185743f0ad051e2df1bc25c96cdd898d99a0c72714270fa6fc5d159c209c47f97a75fdd06f956354fe5e8612ec3159ec9eb554c89b20da1ea9bf32ce3dbcfd3afded7de09f4853d1db23ae786e7717f51ec59bfe276e427c38c26786b9493d6fac43da71844dcdd6b00e5dc6a666f3a4314449ac1643918074dfcf5ada2ff357801b7268c1a885ecb27bd18f69e88fb42449ca636c1e333637e1983b2809a2e790ead169b20178a7c28bb5debd738e74d7ae0efd4c4f6323eb11afc04194b710152d7ba9dd2f7911447b3881715cc0aa7998fb390ef88d1322972101a36178c609ad87d0f115d7037f0276237c8fa83cbacb3a80cf112d0be9e284fb5c8e34a0d52489a03a9edae49be86666247595e05e4cafd58020f2e12e9b808ed5f0a132d73d09c538a22148e66d5cfe9ed1f7f541084bc35867ad586582c83b6d8807682fca973b588f242d2c4beba0b216445b02ff0f298218e5e6ab4332828e46b2bfce229cf97aa65b013cc3a6d6a72496858bddfeab55109d1e71721f47f26ace57b37985e2a459624904d1a7a93dae466a6869a2211ce3be10072296c93cb09acd5d521a68b9d31ff6208846291de3e48cbeb3e588cb6c3de54b740c72f75901230f1aa40db16c760b0bd17ec02dc08884e31c8cb87aae446ae2546a05f01af01924634c633576067029955d784de8f7a74acad9487653142e4ab8cf0d480c565792d6118a2b88fa93afba361abc41f29614a5d0881f8a2b8826919f249087d00ff26c4027b0ff7de0d512bf9f9b70dc5d1444f17c607a46df59b11ed172609b8085760f8cbcd0e6847c6a8228ab09660252f27e84d27845f51f3630f771e0d74afbde22e4cb673c3a41dd5afc04f8ef889f1947f2a281b72265fbb5c5795c4134a9c626c135c049c4eb1116c46092b94a4062d5e25a56f2948ce0c35d36161dabf523657e9f54108d44acb8494a2efc9d6cad2f8b49a9e2b1a1c25a6768585dcb82e84824b8594b1cdcef562fbf20b85f4d2941305fe9184ea172b1b84fe5e846fb23f0a3189fbb4861df9796f97dd254eeb8b59d6ac95dd681d4df9ae961ece3481e53f124f17ace35a2d3fd7d859b239613dfc2d3c1e629ed1a7c52699c72491e2b49168b31cc1d6392f216f767fc7c2c456252da30aa816524ab9f957b413412b80db1aa68703d62c28d53b46915d12d24e5e84770f5de06f49b75c6e54ee2f53a1b8f4e4b89a96e85d6f5276933dade3126eb66f4eb0f65c9d9f86b89a061a1899b6e7d3852e622e9e4da0fa9a7d3d72dc8ea62fc6ce12c0dd5268820b995e83b09c5fae3193f1f8b807f9920aa1a3e8868e4a82a4154e72c13fd94c69b057c9564154f6f40cf7c1af4c2184b3e8a7e3d057c21e635fb69153c4051ad4413d1abf09d3567523a364b83269207d243fc7e6ac72addfb1a19773efa298d46eafc24e515827b0f261544fb26f8ec4ba4982d548625ee1ab463e49d540b3216493376e20be836ad3c1fc91848aa405f7113525282ceed841cdc6033116b5a9c1bec78a4e548de1984c40884e5841a9838da108bdfb51ef77124c95ddc8b891f50ab91ddf6788ebf432debd01315fefe4e86e7f8480eaef34a2426652de5630e3bdc33d5e116cbb5dccd21aff47262e855747b30e64610d5a1d7851dc417ac55cf629692201ae91eb2e5397df1fe8d78e6c73ae0c755f2206d1361db26aabffed0874800b5ef46991a2fec2788678ddd1d290a98944773fc3d6acd0f952c70590aa2bc5cfff9400be51b8aae778bc717dd769675963e4d48e2cd63c48b39ccbd203a0429bea8c53fd0335d2f513cae8f02cf77f9ddde4a137a52be015c4274fff9e7dc395403c3226c3b89e4fdd3b2e42ea47ed7a21416331af5b3e2be103562ef162396e03c3294e4d97b38b1f944856de666748eeb80a77372bd5b9c28da99d24902ed4e10fd1ab1369b85287dea90b08e76d26d029c9a20faa4f2789a418dcd8a636d5f42109d90939b6c0870227053c4fbe3c22a7a90a254513eb94a278bd9c077f193fa5d8a31eede494a5c978986207a92fca65a6b59296750b95e4b5682e819528e0509600d9269f6314a67b636237d08eb9c9033ba1169a9dfa394c7d35cd90ff63c569ed2edbf1d71fb2f01bb56d1fd1cd642b435f96db25b8ee94826deee298a21d0294bf01ef0568ccf6955a77e32c7dfabd662714a886ddecde81cf3e4ae5ce3eec5e501efc4116e716b74337aa4b48fdd94c71cae28080f503caeaee50446007be6e8fb1ee37ec234716da4baac43b0b1df5298977ca3e27e0bf8e97bf40a52f3e65624a6210b3ea33046dc1827adead44fe7f47eed4fb242875105d152a095e4250ca2f2488eaef96a27885a03b6e98b8e55d4a832d2b010ed845edda1227b2829f883885fd0af145d53b84fcae1771ed64af41fe423f6290a61ad599aeeb20270858755ec3024d8fffc0cc5d07ee8a483c715241a56bc56c49d944734aba44f09b9dddc94cf714586f76f29d6212eb32041d4d3bd5faa39c6d0c8a920eaeb69dca4bd9aead0a9bcdc99962a10442721819c413413af9275d66c17e27e1ba4b82a07692afc2b74ebd3e42503eec4945fd69dd1aa4efd2c29076646e0b34ae3cc414a888421ed4cb3677276fd0b4850f5e20aefc5ed816d4d229820d2a6b7a771bf955070fc08fd66ab9d05d108921532f3450f2a5b89ce4237b62a4d2a9550f8acf27d3f1969a8f990f2799c4bf6192e1af16fcb28dd6cb4121ad5a921bfeeb22d81a395c68a728e690ba22939bcf62b9c282a1768df8058c74d107533d28821f25526bd1eb81931ebffdcdde46118e256f45ff4704cb33bfdfba41c7fef6720bddf4a558eed079c57c5f7f4c1155e10a72aefef5ef7df6bd06d03320289dfb935a3ebb8071b3b9c27b510c4c9f0d20a7a2fde0b4d6cda6fb0079b67196dd54984d621c1f73ddd67fb2056ab3e9dc62afebdd98dd588589d5f0a797e5a716ccf46d876ae0922dadc226639a52dca3d90784413442688d459ea71ec7aa4e0e399eec5f4285243a2730f94ad9cb5635f24dbed784fe7bd814d6315f22c887abb6b767189bf7d9ff89de3f3405056d29e4e406b311f78d9fdfb1ea4a695664cda79190a222d774e1c0b4d1d7ad9996956a85e077c3ee4b69af3435e05d13aa4665cdee870826801e55dec434d109920f2c10729eca3192920f8b90cafe53436d6adc8abbbac33df423acfafec32099ca934fe0f89166cfc3174dc4e0705fced2bcad7f0fe4ed68ff5486fbc6f2b8ebf3f62757a2083fbe3840c05d118aa33edf971248ba9124de859135702af45d83ecdd4fb69e4a7fe50d7c5eb3b4e10954bc4e8e3e6c37afcf4af3372481a310acb80d7bbc1b5bccdd3eacf170390e6b89db910bd66a737213155617ffea5b4dfc1c0a812bf6f04beac7c0defebf2ff3efa895d94c1bdb12b3aed6c3610ce7dd49593aa740e08db4e68127a05615f205ad0f2dc14afc7949c7e4f1d4e182ea8f06edc0ebd66e48609a27ff36c8d5fc70d48afb06a9bd0cf65631cc3cec0e94ae3ce44325fa2b040f1bc4ab59a380e5d77d63a36afaf3283cd2b9527650cbab149690a9299c46bcef8992a9d07ee0fb99d66d98717226eff21e935cc9c92e3ef6a7e88396720522bcae826a4d5bae366c5976d1eb901a9c60b7edd650b29df94300e439100ebff067e86645768705b8ccfac42dc0d1a2be749ee9c3aa37dff3d41e9c68357a1535db9331791aedb4c4b904c8df199fdd02bbc9a266f12ae1af756c0318afb7d2ec667de4527603e888e9c2f845b915e656d94af933718492e58e616bd75186951878423b4236ee154dc966909a2479d60a8c572e8edc04f3dadfeba4e30e700372a8f7b01d216e244c531ef8cf9b9779006b949390c890168ed24fcb4ad2c93cbfcfe1624364bd3d43e060932be3385fb7957602fa5b1a6c5f84cadbbcb3e899e5b1ae2052dcf4d4110cda27c7b8cbcf081133be582a7472171877b3be1d403232dea9d205a8214f69c4e7031cdaa12441dee2571590d7e71bfeab232fca2a7fdcc422c6dbf205a13d34a0c0878b9c7e12dc45592a5206a74abf05bdcff9f82be7bf8de32bf5f035c8f6e70354869897b9d00f74996ee9cee2088bea0b8cf306e9f7282c837cf55c177b618c9361b58667ee80f1c81582d7db5e7314a53d7693efdd0bda3fe88e724ad3415ef55c0d9ca2ff3ac99c5a6a9eb7be3af19eab34e58fe814d2d521a34298e757b82cf6a168d3bd509a27a360f1e4fcaab155e2abff7208876054e7393824fb45ed8ab895e90f160745a85a4cd6ac4855a89fee816838ddb12230d4134b50abeb7c5481b8fddd9b44655672b456ffc151736c2b123e2466f45125756f8da519a9570d7a097d29d075add6a769da7d55fb915d735f82b76a941924eec6f291ec7d1480cc044c2377d0d4b258bdaebf8e9b0fe13fc36e63c0018a934d63f89deb2e1d42a9d0b1eed320f94e3b3ca8bd0b8357ed248bd7fa10abeb70f9d206ac7c83b8311ebf5509f3b49bb35c03d88a5a8da6943024f5fef722d4ff6b8cfa2205a403ab12471575c4926c2d7148fa5c109d4333c9c671817e3959e26059f3de63405fdcb11b7ef45b675c4929085bb0cf26b215aa9fc2cfb9cafde21bfbdee8c4d1984e7acbf2c7a259d43fc1893bc88a1138187bbfcfe50a443b90f56b0a9f5e4f29c5e9bc924cb067845f978ce462c449ab410aed8e01d6ccc3cd4e42c60370fe3f6207c95651f82e893546f85f430e9f63bb9394293e9391544d3a88e62866bdcb568c3a806da096789ad2a41b41ae9e333af0abf905624a5fb9e14567f5d57829dfb413d4dbc82776908a224bc43b84abf6119867e20e403215794edf8b112f570e36a9fd704744b3a441544d5ea2e7b8570b16fa728ef772912101c870f3c8b80a955f4fdcd265e36a4912e1bdc7b6f7ead0922101ff638d2efbc9c84d790f6120f97f8db16f8cd8e2935c1fc3667d7a70d7830e11805e2bb01d2e2be08dbfe013f45f00e47df15789af2e415c5dab71df0892a9da8c3d487aa43bf4afa8c84cf99cf38a26a1244ef0157bb97ed8a108b9d0dce4ae1c3cdb6c1cda3edc46b881cf51ee870fbf3218e3b94ae539b13ff0f027f0616f9bc2859d655780be93b751712cc99676e04be41f93a0813f05be2bd9448b80949f9cf4b03c229e844ff4f43dfb5a0f990472990b81429daf9550fc77209e2aa795b61ac0148256f2dde882804bf98e1e22c2961aca263d1cf9e9b9ef0f3739122b23e78a18abebfd5480c580bd2f87b2f604b27180a2584ed5a243ef1a31ee6fca20b6f1192f9dbe04918d539a1b21e49d2d81e293da0c92aa458e91a6730886ad12ed6216a71f7d3bd88d5d9ab7b33eb42531fb8c9e207ee276f85af16025f77a22d882f7b3e8e52eeb1f588ebe4a29c5cab7b95c6c9b3f9fa39a4505814fec79320ea8d941518ebee85247c9e8d2d5c347839e2f6a755a9186a255c3cd9291ef6ad21887c309fea0b8758033c85b41b1ad8e93dd4558cb4bb97fb51c00e1e0451a39b637eeff6dde85110b5b9f33e15f84f0ffb687373f98d6ea1dc2bc6318258993e745ac1b7d58cba42a110e1082717429c405cf6027e037c3c070f4831fee3c76e951f445f279c1a3d1dcb4aa4dc7fa96b3f10317d3779daf73781bf46581168a8f7c1f829be3589e4ad04d6132fc66932baed1a3a73a5fb9e92d0ac7cffae239a85a86f950aa20d84ab9edb07bdb6385acf5b13a56befa4754daa95bd80efbbe7d947098c29c02f09df172f09fb3943c4240fefafb5c033484ba8c77d9d40a164dbcaf8e4c922331d295af67177c365218c8a4d5a7f8c98fdb3585d77656680325e8c14aafaa6a77d5fe6f69f6693c605eeda6bb716381f89bd2964705ffdd2a3203ac33d3b7f4830c66a7483d9a3d2426d934781b086f49abcd60a7b20ad8e3e8d3f17efa148b6e52ac46ae56bbedacdcd4b477a3a975e6eece2bbf1f16af882f3e8b77fd409a33d91f4f20f53d8e71224487914922df64684cfface8ea9641aff0dfeea68342241c47ba77c0f3ce669a2392da37b7a0a7e1b5dfe8eeaed106f18d540a37bc68e0df1de2c20169216c47bb000e999b68670e5087601fe0bbd22a95d19ec16f2fb453897e5ee3c8ae7b236c4b9d421d5e74fc46f8cad1a79729995a301c9489b80541f1ead24e4162101b277222e8d3871183b47144f71f806e2530ee226746bc8945ac14f20bd60c963d0edaf5664995b192dc8e0593b8ed2e51ab4684362d96eb1779761a8d2c3bd837eec5ef09504c42cb7b09fe116f41b90c48551486fb4839058a44a8bf47391a40ced05ef4424b67154886d5f4632ab5f71efcc823b978fba6b3286caeee03948bba9bf689f4b2dbbcccab1c1dd5c8f02df45fcb6fb3aabc548f733c8fdf445e2213a7fb6d5bd00df4132db5e4282bd5e2179f1b0342c0e61fa41fd04a9f2eb4b94f675d7ff24c257e54dc2a348ecd496cae3f6435c8cc7927ee1b8fbdc77b99ba7f1b7409affee0bfc90e481d6866108bd9d9563ef100baec94812ce34362f6d300069e9738c5bc00615f21de016a1ff40b760edb64e9455ca305ce18c0577b863e85aff6710e2d23b0e29aa1a742e23804f21a9f31fe4f98bee51853767abbba92af58aaac36fbc483df0a514ce775648d1f437fcb63ee8ed5eea3f447ccf3e05c53a37b1f8389f896ea5f7c394efdb02127f7087e7fd9c8758524fa1ba2bc21b465e1886b8979a03b659ed04c42548ba79299620b134d31117d4d709eecd351638505910ed8f840f042d9e9723c9349750be56e04227705e423c085f03b609187357c4bb53b498e592fa1abe897d07cf1e89d46ff0c9222a67b915b9388573ae47b2061ec55f0d932237781cfb02a4f64ddadc45f494f438ec8d3457fd1592a16818463c9addf31454a7a70d7804e9d3f9668831970257b8f9a0ad8210db95caeeb528ec8a58a9cb09a20e27747e49b8c2c98b10abfb4d0407e9f743dc8d03f2fc65d7dbfd1e9b5352d8c7ab11b7bd39a5731fe7562d97a05fd0abc803f80da8bf1efff5a34a89f40b52da5703e262fe17d2d36d4b7b640d23327d91ecb2a014fbc5487ccc3f228cdb82588b2b255b7c04bd963abd9002a1418ba437104f40944ae6ff026e25b8b6d556ee3ae6ba5f610fbbdf63f31e1298e693a841cc3f447cdd5ba470fe3d11f7cc998879f53af770873587f647ccc5e5dc3aed6ee571bec7c5c0f56ec574a1db5f5c3e8e14e80bd3787032f03c620a4f8301c0a5c08f90d2f73710be3d4a3d62627f11eb086e744f7a033b52de5dd601bc8e5864a386114c75f3c6a101c68901c010248627699842ff0ae2aae0de39cfc5187b8e3b9fe165ae554fc4a3d26c82a836f9410e8f690e929176668afb6c02fec3fdb4b88769965b61acecf4306c89f8988722c5cd5aa95c9be70ae03b9eefd3ff8bc4159d033c11f1b37bb8cf4f43dc8861393be6a49374a57b96fb5988c4e0bd86241cacedb44d1f37018f4432494e31316474637a2256f072b5e65a116bf9ca1863af445aefac0d100abdddfe1b94045190a57803927814a7c7e81a249ee808c4aa556e0e324164a4cac5882ba86f06fbeeebc4c5c4102ba36390e0bd20e621c1e25ff07cdcfb20c18e2fbafd15cbf817fdfb8d6ea536184955dd078921dbd96d775ac4fd3d8f586abe94d13d3208f86c856dda900c92c7ec9132ba310d6cec2b564e082c22be85790512905d4e286ce1f69f34bca5cecd634129f2ed6e4e8e53017d3de23a0c8a236a241def850922e3df2c462a7dff2ea7c73715c9825a1e72fb8b916cb386148e6d3ff713856f13ce55d695f39154d4de39fc8eda10d7eb83f63819dd9c62d7f68e0051524ffc9227f515c44e7ba7fd27a1e09eebf60aa229c93cdb50e15cd693736bb30555d7267f209f4d529f8e28864082fcfe94d3ebfc57e217909c87c42ee58da22bf31e7b8c0c833682ad265b21b131718d0bfd09ee45b9c6ed5f23837805c1f5c91a906cb038bd317bb9eb10e4925b45cedbc59820aadd55cd57c95771bebb814f441443452e207ffda0e6913c56eb32c2754b4f8bc5882bf0117b840c0310ebcc22ca5b819b81dd89974ebe0d9202dfb38288588c8e65a5a5c2fcdb80d40ada39c6d87d10eb7aff8077d25236c62b9a203252653a12f09b07fe84f4018adb40742152c63e2fb4236ebca509c7e900bee226bdac998bd409f9873d3a86f16f5a91b4f220cbc628a4886214cb4a1d929d7a4885f7f06237ff695888562195a23b028ee96024303aaaeb6c772423b59cb85b8d046bafcef3976d82a8b6b914b83fc3fd7700df034e5758e1fc9174da8684e15bc0334a63bd85f4abcb92a7909e44b3ed91318c4d5886644f055956fa2116f943228cbb2312a7373a609b75ee996c515cc8bd8558b7cbb11dd28ae38008fa604fa452f5900ad7719ac222d20491119b82b364bc9cd1443211a996ac752ea710ad60980f7e8e7ec0fa5fdcb8597005301ebf45300da35ad980d4199a1fb04d1dd243f01c242ca0523cd17e48e2cbc709ceba9a8d94c6d06c933413f11e04599c0e70c7373e8446188358ef8fae70de4b90849ad63c7fd9966556fbac7437ebc348fd9f349886a4cabfa53cee62a431ebd364d392e2d7f8ab3f75019296fa9d94cea515b174fdd91e11c3a838ef3c89b4f0e81b208a26b8bfef88b89e3f74f36f0171a70d0076419a647faa82182a2075d15e523e975711ebf65194776f35bb79b619691ff24f770d56b9e36a466a238d469ad48e4782aacbb1ce2dcadfc67f7b291344464516018723e5d58ff2b89f76e0a748bfb3764ffb98e904de43298ba21fe0d78a53405a6dbc07fcc6f3b3390538d54d50866104b30669dcba3f302960bb3aa402fd68600652d7ec5d37170e465c4bfb22c1d4956274e6b9396eae8785d014a498e4be15cee508270267b973998758cc8620b5d8f64182a82b5991a6236d4a56e4fd8b3641d47d58ee5630df45babdf7541e7f1a7006e904e5be80f4539b8cf8bc7dd282c440dd99d2f7f45b772d6f40fa0e69df03170297a36b86378c5aa6c30988878183289f495514127ddc76a391acaa0262fddd92f215af3bb312b80d7deb50e745e5f58825ab5fc076f588556b2ce25d2866da15cf254c91c50d4815ffc7a8828af71643d4fd1eec4b908c80bb94c67c0fa9b83c86743394fee956383e53c4ffee26823b53fe9e9e73dfd18f8857a6a0d4a474053002e9bf6762c830a2d1eeac1c37867cb1d7238d4c0721d6a1fe21c550010909f833c1714b4958819441b99b7069f00d882b7090fbe947f88ad3770337918f4c5a13444649e6203eecdd9100e14531c6988164168c72934416bee10588fbec74f76fcd15d4714881c2ac82b8d7023f418a9d9d1b73b5d882589c4621359396d8ad6f1889167f572396695f2101cf0057ba39c8e79cfa2ed2f7f2018f0ba4a7dd026c66b57cc1758542f86b5ec7e442e09f8d6aa501a93f3116c930d8d1bd88fb7612cdf311b3f1d388756946cecea137d253ec1b4ee8c51120f7ba09ef11f219fc371271151e840467eee8569ec580c6954866ca0b6ea27b909c1742338c2aa31eb14c5f88648935298dbbdecda9bf422c5169b8978ab590beebe67eadc6ab6d4846d92f1037a3b702c185c0902e1344869f87a65065c73c1a091e3f10a904bb3d62be2eb20a781fc9829b8104193e4595987503266a738519463acfdaae4896e6c9244fee58e784c3a588bb3ccd454c2312ecfd4d24fbadb7c2b9dc8b54e17fc9f7b99820320cc3308cec198124aa1c0b1c46740b4b0189bbbc1f71c3fd23c3c5e76e4888c0314881c9c6889fdf805885ee47fa20a6e24130416418866118f9a0de098809882b6d181244bd550951d181a4bd7f888420cc44dcf38f918f82858d88eb6c02926e3fc49dcbd66c9e91deee8e79211bc3291e72e7925a7b0e134486611886912fb644e2fa0e72c2680724beafb7134dab9c80781fa9cbf30252dba725a7e7321af818527b69b81345c54ef6ab914e04f3916cdfe7908ada4b49d9c295674164a48b0950c3300ca3dba22d882cedde300cc3308c6e8f0922c3300cc3304c10d925300cc3300cc304916118866118860922c3300cc3300c134486611886611826880cc3300cc330ba3391ea10198661188661d4226621320cc3300cc304915d02c3300cc3304c101986611886619820320cc3300cc330416418866118866182c8300cc3300cc304916118866118860922c3300cc3300c134486611886611826880cc3300cc3304c101986611886617453fe770029c197f4ccc2d24b0000000049454e44ae426082, '2017  WE DEVELOPERS', '/skarten-1/skarten_master/');

-- --------------------------------------------------------

--
-- Table structure for table `slides`
--

CREATE TABLE `slides` (
  `id` int(11) NOT NULL,
  `title` varchar(255) DEFAULT NULL,
  `description` text,
  `img` text NOT NULL,
  `link-text` varchar(50) NOT NULL,
  `link` varchar(2083) NOT NULL,
  `active` tinyint(1) NOT NULL DEFAULT '0',
  `posted` timestamp NOT NULL DEFAULT CURRENT_TIMESTAMP ON UPDATE CURRENT_TIMESTAMP
) ENGINE=InnoDB DEFAULT CHARSET=latin1;

--
-- Dumping data for table `slides`
--

INSERT INTO `slides` (`id`, `title`, `description`, `img`, `link-text`, `link`, `active`, `posted`) VALUES
(1, '<span class=\"white shadow\">Upto <span class=\"big\">75<span class=\"sign\">%</span></span> Off</span>', '<span class=\"white shadow\">You won\'t be able to resist with these offers</span>', 'assets/images/slider/img1.png', 'Shop Now', 'https://www.apple.com', 1, '2018-01-19 13:49:02'),
(2, '<span class=\"white shadow\">Fast, Secure and Reliable eCommerce platform</span>', '<span class=\"white shadow\">You can\'t go wrong with our solution</span>', 'assets/images/slider/img2.png', 'Contact Us', 'contact-us', 1, '2018-01-19 14:14:54'),
(3, '<span class=\"white shadow\">Fast, Secure and Reliable eCommerce platform</span>', '<span class=\"white shadow\">You can\'t go wrong with our solution</span>', 'assets/images/slider/img3.png', 'Contact Us', 'contact-us', 1, '2018-01-19 14:14:54');

-- --------------------------------------------------------

--
-- Table structure for table `user`
--

CREATE TABLE `user` (
  `id` int(11) NOT NULL,
  `username` varchar(255) NOT NULL,
  `password` varchar(255) NOT NULL,
  `hash` varchar(255) DEFAULT NULL,
  `reset_hash` varchar(255) DEFAULT NULL,
  `avatar` varchar(5000) NOT NULL,
  `name` varchar(2000) NOT NULL,
  `email` varchar(255) NOT NULL,
  `paypal` varchar(255) NOT NULL,
  `phone` varchar(255) NOT NULL,
  `country` varchar(255) NOT NULL,
  `state` varchar(255) NOT NULL,
  `city` varchar(255) NOT NULL,
  `address` varchar(1000) NOT NULL,
  `zipcode` int(11) NOT NULL,
  `coupon_id` int(11) DEFAULT NULL,
  `registered` datetime NOT NULL DEFAULT CURRENT_TIMESTAMP,
  `role` int(11) NOT NULL DEFAULT '1',
  `emailVerify` tinyint(1) NOT NULL,
  `password_reset` tinyint(4) NOT NULL DEFAULT '0'
) ENGINE=InnoDB DEFAULT CHARSET=latin1;

--
-- Dumping data for table `user`
--

INSERT INTO `user` (`id`, `username`, `password`, `hash`, `reset_hash`, `avatar`, `name`, `email`, `paypal`, `phone`, `country`, `state`, `city`, `address`, `zipcode`, `coupon_id`, `registered`, `role`, `emailVerify`, `password_reset`) VALUES
(1, 'Administrator', '$2a$12$TF8u1maUr5kADc42g1FB0ONJDEtt24ue.UTIuP13gij5AHsg5f5s2', '', NULL, 'uploads/1513492019Administrator.jpg', 'Administrator', 'admin@admin.com', '', '1234567890', '', '', '', '', 0, NULL, '2017-11-19 14:46:49', 5, 1, 0),
(2, 'Minoj', '$2y$10$Q7mrz1ehDth9kJdyX9Jr0e0Ff4D7jdk0jka5Xho6d0UkGDQlmUM0O', '3d8e28caf901313a554cebc7d32e67e5', NULL, 'uploads/1516225513Minoj.png', 'Minoj Selvarasa', 'minojsos@live.com', '', '', 'Sri Lanka', '', '', '', 0, NULL, '2017-11-19 14:46:49', 2, 1, 0),
(3, 'jasontodd', '$2y$10$IQcYKZ3sAGNCGggiYKVRseg0XrgSMjR5.J2LCbs9D316wzHVsb0/a', '4e0928de075538c593fbdabb0c5ef2c3', NULL, 'uploads/1513492019Administrator.jpg', 'Jason Todd', 'jason.todd@live.com', '', '', '', '', '', '', 0, NULL, '2017-12-11 18:33:09', 1, 1, 0),
(4, 'kevinWen98', '$2y$10$z.9sflljmGrr0.oQJQv48u3h4Z27x/aKsvwPrnMmxDXLFr4TqYlkW', 'c75b6f114c23a4d7ea11331e7c00e73c', NULL, 'uploads/1513492019Administrator.jpg', 'Kevin Wendall', 'minojselvaraj@gmail.com', '', '', '', '', '', '', 0, NULL, '2017-12-11 18:46:54', 1, 0, 0),
(5, 'ironman', '$2y$10$ZT1sGF4Ku1JZ52.58di9q.d80ZfzS0b0CAjjPBm6Ol597Wmpf7hv6', '6cfe0e6127fa25df2a0ef2ae1067d915', NULL, 'uploads/1513492019Administrator.jpg', 'Tony Stark', 'iamtony@ironman.com', '', '', '', '', '', '', 0, NULL, '2017-12-13 05:36:53', 0, 0, 0),
(6, 'tomclancy', '$2y$10$LiJZmxY3xNeuhZq2/0c1MefjzIEol/7sTbVe3Le7H3nprsfguV.Um', 'd554f7bb7be44a7267068a7df88ddd20', NULL, '', 'Tom Clancy', 'tom.clancy@gmail.com', '', '', '', '', '', '', 0, NULL, '2018-01-16 16:51:46', 1, 0, 0),
(7, 'saman123', '$2y$10$VxcyXRYSxgvNgCqEsNNJv.d6IOiyg/kvaLHQytDvovk56ZcLDzz5u', 'f4552671f8909587cf485ea990207f3b', NULL, '', 'Saman Tharindu', 'saman@yahoo.com', '', '', '', '', '', '', 0, NULL, '2018-01-16 16:59:03', 1, 0, 0),
(8, 'calvin09', '$2y$10$dvS9jltcyZcqegU2DvKFXO0rcV3q5LiUHx2YK676lM5GstoOukj36', '82f2b308c3b01637c607ce05f52a2fed', NULL, '', 'Kelvin Klein', 'kelvin.klein@calvin.net', '', '', '', '', '', '', 0, NULL, '2018-01-16 19:24:38', 1, 1, 0);

-- --------------------------------------------------------

--
-- Table structure for table `wishlist`
--

CREATE TABLE `wishlist` (
  `id` int(11) NOT NULL,
  `title` varchar(255) NOT NULL,
  `description` varchar(5000) NOT NULL,
  `user_id` int(11) NOT NULL
) ENGINE=InnoDB DEFAULT CHARSET=latin1;

--
-- Dumping data for table `wishlist`
--

INSERT INTO `wishlist` (`id`, `title`, `description`, `user_id`) VALUES
(1, 'First List', 'This is the first ever list I\'ve created', 2);

-- --------------------------------------------------------

--
-- Table structure for table `wishlist_product`
--

CREATE TABLE `wishlist_product` (
  `list_id` int(11) NOT NULL,
  `product_id` int(11) NOT NULL,
  `user_id` int(11) NOT NULL,
  `addedDate` datetime NOT NULL
) ENGINE=InnoDB DEFAULT CHARSET=latin1;

--
-- Indexes for dumped tables
--

--
-- Indexes for table `brand`
--
ALTER TABLE `brand`
  ADD PRIMARY KEY (`id`);

--
-- Indexes for table `cart`
--
ALTER TABLE `cart`
  ADD PRIMARY KEY (`id`),
  ADD KEY `product_id` (`product_id`),
  ADD KEY `username` (`user_id`);

--
-- Indexes for table `cat`
--
ALTER TABLE `cat`
  ADD PRIMARY KEY (`id`);

--
-- Indexes for table `cond`
--
ALTER TABLE `cond`
  ADD PRIMARY KEY (`id`);

--
-- Indexes for table `coupon`
--
ALTER TABLE `coupon`
  ADD PRIMARY KEY (`id`);

--
-- Indexes for table `orders`
--
ALTER TABLE `orders`
  ADD PRIMARY KEY (`id`),
  ADD KEY `user_id` (`user_id`);

--
-- Indexes for table `order_product`
--
ALTER TABLE `order_product`
  ADD KEY `product_id` (`product_id`),
  ADD KEY `order_id` (`order_id`) USING BTREE;

--
-- Indexes for table `product`
--
ALTER TABLE `product`
  ADD PRIMARY KEY (`id`),
  ADD KEY `brand` (`brand`),
  ADD KEY `cat` (`cat`),
  ADD KEY `postedBy` (`postedBy`),
  ADD KEY `cond` (`cond`);

--
-- Indexes for table `product_history`
--
ALTER TABLE `product_history`
  ADD PRIMARY KEY (`product_id`,`user_id`),
  ADD KEY `product_id` (`product_id`,`user_id`) USING BTREE;

--
-- Indexes for table `product_history_ip`
--
ALTER TABLE `product_history_ip`
  ADD PRIMARY KEY (`product_id`,`ip`),
  ADD KEY `product_id` (`product_id`),
  ADD KEY `ip` (`ip`);

--
-- Indexes for table `search_history`
--
ALTER TABLE `search_history`
  ADD KEY `user_id` (`user_id`) USING BTREE;

--
-- Indexes for table `settings`
--
ALTER TABLE `settings`
  ADD PRIMARY KEY (`id`);

--
-- Indexes for table `slides`
--
ALTER TABLE `slides`
  ADD PRIMARY KEY (`id`);

--
-- Indexes for table `user`
--
ALTER TABLE `user`
  ADD PRIMARY KEY (`id`);

--
-- Indexes for table `wishlist`
--
ALTER TABLE `wishlist`
  ADD PRIMARY KEY (`id`),
  ADD KEY `user_id` (`user_id`);

--
-- Indexes for table `wishlist_product`
--
ALTER TABLE `wishlist_product`
  ADD KEY `product_id` (`product_id`),
  ADD KEY `list_id` (`list_id`),
  ADD KEY `user_id` (`user_id`);

--
-- AUTO_INCREMENT for dumped tables
--

--
-- AUTO_INCREMENT for table `brand`
--
ALTER TABLE `brand`
  MODIFY `id` int(11) NOT NULL AUTO_INCREMENT, AUTO_INCREMENT=8;
--
-- AUTO_INCREMENT for table `cart`
--
ALTER TABLE `cart`
  MODIFY `id` int(11) NOT NULL AUTO_INCREMENT;
--
-- AUTO_INCREMENT for table `cat`
--
ALTER TABLE `cat`
  MODIFY `id` int(11) NOT NULL AUTO_INCREMENT, AUTO_INCREMENT=8;
--
-- AUTO_INCREMENT for table `cond`
--
ALTER TABLE `cond`
  MODIFY `id` int(11) NOT NULL AUTO_INCREMENT, AUTO_INCREMENT=5;
--
-- AUTO_INCREMENT for table `coupon`
--
ALTER TABLE `coupon`
  MODIFY `id` int(11) NOT NULL AUTO_INCREMENT, AUTO_INCREMENT=3;
--
-- AUTO_INCREMENT for table `orders`
--
ALTER TABLE `orders`
  MODIFY `id` int(11) NOT NULL AUTO_INCREMENT;
--
-- AUTO_INCREMENT for table `product`
--
ALTER TABLE `product`
  MODIFY `id` int(11) NOT NULL AUTO_INCREMENT, AUTO_INCREMENT=14;
--
-- AUTO_INCREMENT for table `settings`
--
ALTER TABLE `settings`
  MODIFY `id` int(11) NOT NULL AUTO_INCREMENT, AUTO_INCREMENT=2;
--
-- AUTO_INCREMENT for table `slides`
--
ALTER TABLE `slides`
  MODIFY `id` int(11) NOT NULL AUTO_INCREMENT, AUTO_INCREMENT=4;
--
-- AUTO_INCREMENT for table `user`
--
ALTER TABLE `user`
  MODIFY `id` int(11) NOT NULL AUTO_INCREMENT, AUTO_INCREMENT=9;
--
-- AUTO_INCREMENT for table `wishlist`
--
ALTER TABLE `wishlist`
  MODIFY `id` int(11) NOT NULL AUTO_INCREMENT, AUTO_INCREMENT=2;
--
-- Constraints for dumped tables
--

--
-- Constraints for table `cart`
--
ALTER TABLE `cart`
  ADD CONSTRAINT `cart_ibfk_1` FOREIGN KEY (`product_id`) REFERENCES `product` (`id`),
  ADD CONSTRAINT `cart_ibfk_2` FOREIGN KEY (`user_id`) REFERENCES `user` (`id`);

--
-- Constraints for table `orders`
--
ALTER TABLE `orders`
  ADD CONSTRAINT `orders_ibfk_1` FOREIGN KEY (`user_id`) REFERENCES `user` (`id`);

--
-- Constraints for table `order_product`
--
ALTER TABLE `order_product`
  ADD CONSTRAINT `order_product_ibfk_1` FOREIGN KEY (`order_id`) REFERENCES `orders` (`id`),
  ADD CONSTRAINT `order_product_ibfk_2` FOREIGN KEY (`product_id`) REFERENCES `product` (`id`);

--
-- Constraints for table `product`
--
ALTER TABLE `product`
  ADD CONSTRAINT `FK_CK_3` FOREIGN KEY (`postedBy`) REFERENCES `user` (`id`),
  ADD CONSTRAINT `product_ibfk_1` FOREIGN KEY (`cond`) REFERENCES `cond` (`id`);

--
-- Constraints for table `search_history`
--
ALTER TABLE `search_history`
  ADD CONSTRAINT `ck_fk_1` FOREIGN KEY (`user_id`) REFERENCES `user` (`id`);

--
-- Constraints for table `wishlist`
--
ALTER TABLE `wishlist`
  ADD CONSTRAINT `FK_CK_4` FOREIGN KEY (`user_id`) REFERENCES `user` (`id`);

--
-- Constraints for table `wishlist_product`
--
ALTER TABLE `wishlist_product`
  ADD CONSTRAINT `FK_CK_6` FOREIGN KEY (`list_id`) REFERENCES `wishlist` (`id`),
  ADD CONSTRAINT `FK_CK_7` FOREIGN KEY (`product_id`) REFERENCES `product` (`id`),
  ADD CONSTRAINT `FK_CK_8` FOREIGN KEY (`user_id`) REFERENCES `user` (`id`);
COMMIT;

/*!40101 SET CHARACTER_SET_CLIENT=@OLD_CHARACTER_SET_CLIENT */;
/*!40101 SET CHARACTER_SET_RESULTS=@OLD_CHARACTER_SET_RESULTS */;
/*!40101 SET COLLATION_CONNECTION=@OLD_COLLATION_CONNECTION */;
